name,release_period,remake,franchise,genre,screens,revenue,budget
Golden Boys,Normal,No,No,suspense,5,85000,5000000
Kaccha Limboo,Holiday,No,No,drama,75,825000,15000000
Not A Love Story,Holiday,No,No,thriller,525,56700000,75000000
Qaidi Band,Holiday,No,No,drama,800,4500000,210000000
Chaatwali,Holiday,No,No,adult,1,1075000,1000000
Shuttlecock Boys,Normal,No,No,comedy,10,170000,5000000
Dirty Marriage,Holiday,No,No,adult,2,35000,1500000
Future To Bright Hai Ji,Holiday,No,No,drama,30,825000,15000000
Ghajini,Holiday,Yes,No,action,1550,1945820000,520000000
Taare Zameen Par,Holiday,No,No,drama,500,875785000,180000000
Mangal Pandey - The Rising,Holiday,No,No,drama,675,525785000,370000000
Fanaa,Normal,No,No,love_story,650,1054800000,300000000
Dangal,Holiday,No,No,drama,4250,7024750000,1320000000
3 Idiots,Holiday,No,No,drama,1750,3491035000,770000000
PK,Normal,No,No,drama,3600,6160362500,1220000000
Rang De Basanti,Holiday,No,No,drama,600,979080000,280000000
Talaash,Normal,No,No,thriller,2550,1729717500,710000000
Dhoom 3,Normal,No,Yes,action,3650,5243760000,1750000000
Pyaar Mein Aisa Hota Hai,Holiday,No,No,thriller,5,350000,5500000
Gurjar Aandolan - A Fight For Right,Normal,No,No,drama,5,575000,6500000
Yehi Hai High Society,Holiday,No,No,thriller,20,4000000,6500000
Say Yes To Love,Normal,No,No,love_story,30,525000,17500000
Dreams - Sapnay Sach Honge...,Holiday,No,No,love_story,25,1375000,12500000
Three - Love Lies Betrayal,Normal,No,No,thriller,325,10000000,40000000
Malegaon Me Gadbad Ghotala,Normal,No,No,comedy,5,300000,1000000
Khota Sikka - Jaat Ke Thaath,Normal,No,No,comedy,50,600000,9000000
Hi Fi Log,Holiday,No,No,adult,2,500000,1500000
Dev D,Holiday,No,No,drama,525,208200000,110000000
One By Two,Normal,No,No,rom__com,500,37700000,210000000
Oye Lucky! Lucky Oye!,Normal,No,No,comedy,400,100620000,120000000
Socha Na Tha,Holiday,No,No,rom__com,110,52800000,50000000
Happy Bhaag Jayegi,Normal,No,No,rom__com,1000,391500000,200000000
Manorama Six Feet Under,Normal,No,No,suspense,75,5800000,32500000
Honeymoon Travels Pvt. Ltd.,Normal,No,No,rom__com,350,195160000,100000000
Ek Chalis Ki Last Local,Normal,No,No,comedy,140,25000000,35000000
Ahista Ahista,Holiday,No,No,love_story,200,23100000,40000000
Lottery,Holiday,No,No,drama,40,425000,17500000
Roar - Tigers Of The Sundarbans,Normal,No,No,thriller,1250,134612500,250000000
Chakradhaar,Normal,No,No,action,250,6300000,45000000
Players,Normal,Yes,No,action,1900,485600000,550000000
Game,Holiday,Yes,No,thriller,1100,128792500,340000000
Khelein Hum Jee Jaan Sey,Normal,No,No,drama,750,76653750,390000000
Drona,Holiday,No,No,action,750,180660000,430000000
Guru,Holiday,No,No,drama,650,836710000,220000000
Raavan,Normal,Yes,No,action,1350,495722500,550000000
Delhi 6,Holiday,No,No,drama,1100,521750000,480000000
Bluffmaster,Normal,No,No,thriller,350,327100000,100000000
Dum Maaro Dum,Holiday,No,No,thriller,1350,511940000,310000000
Bunty Aur Babli,Normal,No,No,comedy,475,637405000,125000000
Jhoom Barabar Jhoom,Normal,No,No,rom__com,950,485250000,270000000
Dostana,Normal,No,No,rom__com,1000,871517500,400000000
All Is Well,Normal,No,No,drama,1650,230320000,340000000
Apne Ghayal Indian,Normal,No,No,drama,1,140000,1000000
Naya Pata,Holiday,No,No,drama,8,16000,1000000
A Journey Of Samyak Buddha,Normal,No,No,drama,8,350000,2000000
Hum Hai Raahi Car Ke,Holiday,No,No,rom__com,300,8200000,50000000
Strings - Bound By Faith,Normal,No,No,drama,6,72500,9000000
Contract,Normal,No,No,thriller,350,36400000,75000000
Haal - E - Dil,Normal,No,No,love_story,225,7200000,60000000
Dehraadun Diary,Normal,No,No,thriller,175,3400000,42500000
Jashnn,Normal,No,No,drama,550,38900000,72500000
Heartless,Normal,No,No,thriller,400,11800000,110000000
Zed Plus,Normal,No,No,drama,350,7700000,55000000
For Real,Normal,No,No,drama,30,1125000,10000000
Lessons In Forgetting,Holiday,No,No,drama,2,60000,60000000
Poorna,Normal,No,No,drama,300,37100000,37500000
Khanna & Iyer,Holiday,No,No,comedy,70,1975000,22500000
Shaapit,Normal,No,No,horror,750,104300000,90000000
Bandook,Holiday,No,No,drama,250,2100000,45000000
Fitoor,Holiday,No,No,drama,1500,397825000,710000000
Daawat E Ishq,Normal,No,No,love_story,1900,341300000,320000000
Aashiqui 2,Normal,Yes,No,love_story,1150,1093800000,150000000
Ok Jaanu,Holiday,Yes,No,drama,1400,375020000,270000000
Yeh Jo Mohabbat Hai,Normal,No,No,love_story,125,2934688,80000000
Dil Se Poochh... Kidhar Jaana Hai,Normal,No,No,drama,10,210000,15000000
Ek Aur Murder,Normal,No,No,adult,2,1050000,2000000
Feel - The Touch,Normal,No,No,adult,2,475000,1500000
1920 - Evil Returns,Holiday,No,Yes,horror,1300,280400000,90000000
Bin Bulaye Baraati,Normal,No,No,comedy,500,32400000,100000000
Jaane Hoga Kya,Normal,No,No,fantasy,55,2850000,55000000
Aao Wish Karein,Normal,No,No,drama,70,1700000,57500000
Darwaza Bandh Rakho,Normal,No,No,comedy,175,23200000,37500000
Koi Aap Sa,Holiday,No,No,rom__com,125,22480000,40000000
Aloo Chaat,Normal,No,No,comedy,400,74680000,100000000
Ankahee,Normal,No,No,thriller,125,17630000,60000000
Red - The Dark Side,Normal,No,No,thriller,275,55900000,40000000
My Friend Ganesha,Normal,No,No,drama,100,15900000,22500000
Umrao Jaan,Holiday,Yes,No,drama,500,195250000,230000000
Provoked,Normal,No,No,drama,90,132797500,120000000
The Mistress Of Spices,Holiday,No,No,drama,50,34400000,90000000
U Me Aur Hum,Holiday,No,No,love_story,600,400200000,250000000
Shivaay,Holiday,No,No,thriller,2950,1241455000,1030000000
Blackmail,Normal,No,No,thriller,325,65872500,95000000
Cash,Normal,No,No,thriller,1000,293005000,320000000
Atithi Tum Kab Jaoge?,Normal,No,No,comedy,1050,433110000,220000000
Son Of Sardaar,Holiday,Yes,No,masala,2000,1351247500,670000000
Rascals,Holiday,No,No,comedy,1850,510181250,460000000
Main Aisa Hi Hoon,Holiday,No,No,drama,250,51775000,75000000
Shikhar,Holiday,No,No,drama,350,103450000,140000000
Insan,Holiday,No,No,action,350,104100000,125000000
Zameer - The Fire Within,Holiday,No,No,thriller,55,15850000,45000000
Toonpur Ka Superrhero,Holiday,No,No,fantasy,500,51046250,250000000
Dil Toh Baccha Hai Ji,Normal,No,No,comedy,1350,404600000,290000000
Tango Charlie,Holiday,No,No,action,325,114856250,135000000
Once Upon A Time In Mumbaai,Normal,No,No,drama,1400,851780000,350000000
Baadshaho,Holiday,No,No,action,2850,1011820000,900000000
Drishyam,Normal,Yes,No,thriller,2250,1104260000,620000000
Action Jackson,Normal,No,No,action,3350,888717500,930000000
Apaharan,Normal,No,No,action,425,231650000,110000000
Satyagraha,Normal,No,No,drama,2650,910075000,730000000
Aakrosh,Holiday,No,No,thriller,1200,194030000,380000000
Tezz,Normal,Yes,No,thriller,1950,261237500,520000000
Halla Bol,Normal,No,No,drama,925,193900000,270000000
Golmaal - Fun Unlimited,Normal,No,Yes,comedy,600,467260000,150000000
Sunday,Holiday,Yes,No,comedy,900,319615000,220000000
Golmaal Returns,Holiday,No,Yes,comedy,1250,800080000,350000000
All The Best - Fun Begins,Holiday,No,No,comedy,1300,617775000,410000000
Golmaal 3,Holiday,No,Yes,comedy,1750,1695635000,500000000
Singham,Normal,Yes,No,action,2050,1413035000,410000000
Bol Bachchan,Normal,No,No,comedy,2500,1596640000,660000000
Singham Returns,Holiday,No,Yes,action,3500,2165697500,1050000000
Golmaal Again,Holiday,No,Yes,comedy,3300,3110450000,1420000000
Himmatwala,Holiday,Yes,No,masala,3150,657993750,680000000
Kaal,Holiday,No,No,thriller,450,331175000,130000000
Omkara,Normal,No,No,drama,625,424120000,260000000
Pal Pal Dil Ke Ssaat,Holiday,No,No,drama,30,800000,15000000
Boyfriend.com,Normal,No,No,drama,5,170000,2500000
Jeet Lenge Jahaan,Normal,No,No,drama,25,525000,15000000
Angry Young Man,Normal,No,No,action,300,2325000,47500000
Jai Balaji Mehndipur Wale,Normal,No,No,mythological,5,130000,1500000
The World Of Fashion,Normal,No,No,drama,5,215000,4000000
Lakeer Ka Fakeer,Normal,No,No,drama,60,2175000,12500000
Calendar Girls,Holiday,No,No,drama,850,81900000,130000000
Bloody Isshq,Normal,No,No,thriller,250,5000000,55000000
Faraar,Normal,No,No,action,25,425000,15000000
Alag,Normal,No,No,drama,60,5600000,80000000
Holiday - A Soldier Is Never Off Duty,Normal,Yes,No,thriller,3300,1764220000,860000000
The Shaukeens,Normal,Yes,No,comedy,1800,272025000,410000000
Welcome,Holiday,No,No,comedy,1250,1194975000,480000000
Singh Is Kinng,Normal,No,No,masala,1400,1239675000,500000000
Thank You,Normal,No,No,comedy,1800,710232500,610000000
Blue,Holiday,No,No,action,1500,639212500,800000000
Boss,Holiday,No,No,action,2800,848280000,700000000
Khiladi 786,Normal,No,Yes,comedy,2750,970540000,630000000
Bewafaa,Normal,No,No,love_story,450,331830000,180000000
Tees Maar Khan,Holiday,No,No,comedy,2200,995145000,450000000
Entertainment,Holiday,No,No,comedy,2850,1033030000,810000000
Housefull 3,Normal,No,Yes,comedy,3650,1949350000,970000000
Brothers,Holiday,Yes,No,action,3400,1230950000,1120000000
Jumbo,Holiday,No,No,animation,250,34700000,210000000
Gabbar Is Back,Holiday,Yes,No,action,3100,1358120000,790000000
Once Upon A Time In Mumbaai Dobaara!,Holiday,No,Yes,action,2300,917100000,1000000000
8 x 10 Tasveer,Holiday,No,No,thriller,825,235800000,350000000
Special 26,Normal,No,No,thriller,1600,1036240000,500000000
Baby,Holiday,No,No,thriller,2450,1248440000,750000000
Phir Hera Pheri,Normal,No,Yes,comedy,575,691200000,180000000
Chandni Chowk To China,Normal,No,No,action,1400,562262500,620000000
Patiala House,Holiday,No,No,drama,1550,560405000,500000000
Rowdy Rathore,Holiday,Yes,No,action,2800,1984775000,770000000
Singh Is Bling,Holiday,No,No,masala,3100,1253850000,910000000
Garam Masala,Holiday,Yes,No,comedy,550,546517500,170000000
Bhagam Bhag,Holiday,No,No,comedy,750,678252500,320000000
Bhool Bhulaiyaa,Holiday,Yes,No,comedy,1050,828377500,320000000
De Dana Dan,Holiday,No,No,comedy,1550,818520000,600000000
Khatta Meetha,Normal,Yes,No,comedy,1450,627920000,350000000
Humko Deewana Kar Gaye,Holiday,No,No,love_story,475,273650000,170000000
Family - Ties of Blood,Holiday,Yes,No,action,525,145952500,250000000
Desi Boyz,Normal,No,No,drama,2100,804360000,540000000
Kambakkht Ishq,Normal,No,No,rom__com,1500,855630000,650000000
Heyy Babyy,Holiday,Yes,No,comedy,1000,839390000,360000000
Housefull,Holiday,No,No,comedy,1700,1163035000,470000000
Housefull 2,Holiday,No,Yes,comedy,2650,1884050000,720000000
Jaan-E-Mann,Holiday,No,No,love_story,700,462680000,350000000
Joker,Normal,No,No,fantasy,1950,321087500,470000000
Toilet Ek Prem Katha,Normal,No,No,drama,2950,2000800000,750000000
Jolly LLB 2,Holiday,No,Yes,comedy,3300,1827342500,830000000
Dosti - Friends Forever,Holiday,No,No,love_story,400,230727500,150000000
Mere Jeevan Saathi,Normal,No,No,love_story,250,78207500,110000000
OMG! Oh My God,Normal,Yes,No,comedy,1200,1215775000,250000000
Tashan,Normal,No,No,action,950,516200000,310000000
Deewane Huye Paagal,Normal,No,No,comedy,500,265825000,200000000
Waqt - The Race Against Time,Holiday,No,No,drama,400,424862500,160000000
Namastey London,Normal,No,No,love_story,775,714102500,310000000
Action Replayy,Holiday,No,No,comedy,1500,462943750,510000000
Pizza,Normal,No,No,suspense,600,44800000,100000000
Isi Life Mein...!,Holiday,No,No,love_story,250,13900000,85000000
36 China Town,Holiday,Yes,No,suspense,450,379200000,190000000
Naqaab,Holiday,No,No,thriller,825,212037500,190000000
Dahek,Normal,No,No,drama,5,160000,10000000
Aap Ki Khatir,Holiday,No,No,love_story,350,132380000,160000000
Gandhi My Father,Normal,No,No,drama,180,74970000,80000000
Short Kut - The Con Is On,Normal,Yes,No,comedy,775,133875000,240000000
Mere Baap Pehle Aap,Normal,Yes,No,comedy,800,362380000,200000000
Shaadi Se Pehle,Normal,No,No,rom__com,350,168865000,110000000
Vatsayanana Kamasutra - 2,Normal,No,Yes,adult,20,2900000,10000000
Mr. Majnu,Normal,No,No,love_story,15,140000,7500000
Romeo Bola Pyar Ki Aisi Ki Taisi,Normal,No,No,comedy,1,140000,2000000
Sonali Cable,Normal,No,No,drama,525,11100000,77500000
Khamoshiyan,Normal,No,No,horror,1500,134180000,120000000
Always Kabhi Kabhi,Normal,No,No,drama,450,41800000,110000000
Baat Ban Gayi,Holiday,No,No,comedy,225,2450000,35000000
Tere Bin Laden,Normal,No,No,comedy,375,114310000,95000000
London Paris New York,Normal,No,No,love_story,550,111517500,105000000
Chasme Baddoor,Normal,No,No,comedy,1500,628043750,200000000
Total Siyaapa,Normal,No,No,rom__com,850,131490000,170000000
Dear Zindagi,Normal,No,No,drama,1150,1389137500,460000000
Kkamjori - The Weakness,Holiday,No,No,drama,1,1375000,2500000
Karma: Crime. Passion. Reincarnation,Normal,No,No,thriller,45,1075000,25000000
Ek Baar Dhol Bajao Na,Holiday,No,No,adult,1,375000,1500000
Kamsin - The Untouched,Holiday,No,No,adult,1,325000,1250000
Aakhari Decision,Holiday,No,No,action,25,625000,40000000
Iqraar By Chance,Holiday,No,No,love_story,50,2050000,27500000
Runway,Normal,No,No,thriller,80,4250000,32500000
Me Mamu & 7,Normal,No,No,comedy,15,400000,10000000
Hot Maliaka,Holiday,No,No,adult,1,775000,1500000
Garam Saansein,Holiday,No,No,adult,1,850000,1000000
Bach Ke Zaraa,Normal,No,No,adult,15,1175000,2000000
Kaam Milan,Holiday,No,No,adult,1,825000,1500000
Agni Prem,Holiday,No,No,adult,2,1300000,1500000
Aalaap,Normal,No,No,drama,65,1700000,25000000
Miss Anara,Normal,No,No,drama,45,6700000,8000000
332 Mumbai to India,Holiday,No,No,thriller,80,1175000,22500000
Running Shaadi,Holiday,No,No,rom__com,650,13400000,85000000
Ek Gumrah,Normal,No,No,thriller,1,450000,2000000
1971,Normal,No,No,drama,85,4550000,55000000
Pink,Normal,No,No,drama,1000,1093780000,290000000
Yaar Meri Zindagi,Holiday,No,No,drama,2,72000,2500000
Teen Patti,Holiday,No,No,thriller,575,76300000,180000000
Viruddh... Family Comes First,Normal,No,No,drama,260,185125000,90000000
Bhoothnath Returns,Holiday,No,Yes,drama,1500,510870000,360000000
Bbuddah Hoga Terra Baap,Holiday,No,No,action,1000,245260000,210000000
Cheeni Kum,Normal,No,No,rom__com,250,322200000,110000000
Paa,Normal,No,No,drama,600,489325000,210000000
Shamitabh,Normal,No,No,drama,1600,371275000,490000000
Sarkar,Normal,No,No,drama,425,393047500,140000000
Nishabd,Holiday,No,No,drama,400,117120000,85000000
Ram Gopal Varma Ki Aag,Normal,Yes,No,action,875,127300000,210000000
Sarkar Raj,Normal,No,Yes,action,1100,595535000,270000000
Sarkar 3,Normal,No,Yes,action,1450,205380000,360000000
The Last Lear,Normal,No,No,drama,100,14600000,110000000
Dil Jo Bhi Kahey,Normal,No,No,love_story,150,39820000,62500000
Black,Normal,No,No,drama,235,409370000,230000000
Piku - Motion Se Hi Emotion,Holiday,No,No,drama,1300,1412650000,420000000
Eklavya - The Royal Guard,Holiday,No,No,thriller,750,388280000,300000000
Bhoothnath,Normal,No,No,drama,625,387900000,200000000
Jo Dooba So Paar,Normal,No,No,comedy,200,3450000,60000000
Staying Alive,Holiday,No,No,drama,20,145000,12500000
Ghazab Nagariya,Normal,No,No,drama,10,215000,6000000
C D Kaand,Holiday,No,No,adult,15,5400000,3000000
Happy Husbands,Normal,No,No,comedy,175,5400000,30000000
No Entry,Holiday,No,No,comedy,600,741350000,240000000
No Problem,Normal,No,No,comedy,1350,450750000,400000000
My Wife's Murder,Holiday,No,No,thriller,100,30822500,47500000
Black & White,Normal,No,No,drama,350,82715000,90000000
Mere Haule Dost,Normal,No,No,comedy,10,200000,7500000
Om Dar-B-Dar,Normal,No,No,drama,10,325000,1500000
Admission Open,Normal,No,No,drama,90,1000000,30000000
City Of Gold - Mumbai 1982: Ek Ankahi Kahani,Normal,No,No,drama,275,12200000,52500000
Kahani Ek Sangharsh Ki,Normal,No,No,drama,1,125000,2000000
Yeh Hai Bakrapur,Holiday,No,No,comedy,200,2250000,50000000
Mr Ya Miss,Normal,No,No,comedy,175,45350000,47500000
Miss Tanakpur Haazir Ho,Normal,No,No,drama,450,15400000,60000000
Yeshu Palanhar,Holiday,No,No,drama,5,100000,2500000
Perfect Mismatch,Normal,No,No,love_story,35,1000000,27500000
Resham Dunkkk,Normal,No,No,action,2,115000,2500000
Chhutanki,Normal,No,No,fantasy,10,150000,17500000
3 Nights 4 Days,Normal,No,No,drama,15,142500,10000000
Chase,Holiday,No,No,action,175,5000000,4250000
Paranthe Wali Gali,Normal,No,No,love_story,75,900000,15000000
Morning Walk,Normal,No,No,drama,100,5700000,27500000
Khosla Ka Ghosla,Normal,No,No,comedy,125,66773750,37500000
Maine Gandhi Ko Nahin Mara,Holiday,No,No,drama,70,10262000,22500000
Mr. Bhatti On Chutti,Normal,No,No,comedy,20,365000,70000000
Yeh Mera India,Normal,No,No,drama,150,5700000,35000000
Ekkees Toppon Ki Salaami,Holiday,No,No,drama,450,19100000,75000000
American Blend,Holiday,No,No,drama,12,325000,32500000
Sai Yatraa - A Religious Love Story,Holiday,No,No,love_story,1,65000,7500000
Retake,Normal,No,No,adult,10,2500000,5000000
Prem Kaa Game,Normal,No,No,comedy,125,1775000,30000000
Kisaan,Normal,No,No,drama,525,27600000,150000000
Tera Intezaar,Holiday,No,No,love_story,1050,23900000,110000000
Dee Saturday Night,Holiday,No,No,drama,175,2000000,20000000
Chalo Picnic Manayen,Normal,No,No,suspense,25,400000,2500000
I'm In Love,Normal,No,No,drama,4,155000,15000000
2 States,Holiday,No,No,love_story,1900,1729900000,450000000
Tevar,Normal,Yes,No,masala,2850,565125000,540000000
Mubarakan,Normal,No,No,comedy,2300,899330000,650000000
Aurangzeb,Normal,No,No,drama,1200,350252500,220000000
Ishaqzaade,Normal,No,No,love_story,1100,630500000,190000000
Half Girlfriend,Normal,No,No,love_story,2400,864755000,580000000
Time Pass,Normal,No,No,comedy,45,5300000,12500000
Ek Ajnabee,Normal,Yes,No,action,325,123040000,120000000
Daddy,Normal,No,No,drama,1150,154790000,210000000
D Day,Normal,No,No,thriller,1250,288982500,280000000
Chakravyuh,Holiday,No,No,drama,1200,257700000,300000000
Vaada,Normal,Yes,No,thriller,285,95300000,80000000
Inkaar,Holiday,No,No,drama,800,149350000,140000000
Elaan,Holiday,No,No,action,375,129397500,150000000
I See You,Holiday,No,No,drama,125,19233750,80000000
Lekar Hum Deewana Dil,Normal,No,No,rom__com,875,45360000,28200000
Yeh Figure Hai,Holiday,No,No,adult,1,600000,1250000
Bin Phere Free Me Ttere,Normal,No,No,comedy,30,825000,15000000
Kisse Pyaar Karoon,Normal,No,No,comedy,275,10700000,72500000
Rabba Main Kya Karoon,Holiday,No,No,comedy,400,14400000,110000000
Welcome 2 Karachi,Normal,No,No,comedy,1350,135362500,290000000
Krazzy 4,Holiday,No,No,comedy,800,322780000,180000000
Sehar,Normal,No,No,drama,60,20400000,40000000
Hum Tum Aur Ghost,Normal,No,No,fantasy,450,80100000,210000000
Anthony Kaun Hai?,Normal,No,No,comedy,300,97960000,130000000
Kuchh Meetha Ho Jaye,Holiday,No,No,rom__com,90,16662500,40000000
Mr. Joe B. Carvalho,Normal,No,No,comedy,1050,38300000,170000000
Jolly LLB,Normal,No,No,comedy,875,432900000,135000000
Guddu Rangeela,Normal,No,No,drama,975,96025000,200000000
Ek Se Bure Do,Holiday,No,No,comedy,100,10300000,60000000
Mirch,Holiday,No,No,comedy,150,12600000,37500000
Charitraheen - Ek Naari Ki Vyatha,Holiday,No,No,adult,2,825000,1500000
Paapi - Ek Satya Katha,Holiday,No,No,drama,200,1875000,15000000
Raftaar - An Obsession,Normal,No,No,thriller,12,275000,15000000
Aisa Kyon Hota Hai,Holiday,No,No,drama,20,600000,10000000
Mr. 100% - The Real Player,Normal,No,No,drama,25,4400000,22500000
Ghutan,Normal,No,No,horror,10,3300000,10000000
Good Luck,Normal,No,No,rom__com,25,525000,20000000
It's Rocking Dard-E-Disco,Holiday,No,No,comedy,85,1650000,25000000
Ek Aadat,Normal,No,No,drama,40,850000,12500000
Kyun Hua Achanak,Holiday,No,No,suspense,40,325000,10000000
Mai,Normal,No,No,drama,65,1050000,20000000
Mumbai Can Dance Saalaa,Holiday,No,No,thriller,600,3100000,35000000
With Love. Delhi!,Normal,No,No,suspense,10,110000,12500000
Nazar,Holiday,No,No,thriller,175,42379500,37500000
Saanwariya - Khatu Shyamji Ki Amar Gaatha,Holiday,No,No,drama,25,1100000,9000000
Love In Bombay,Holiday,No,No,love_story,20,225000,6000000
College Campus,Normal,No,No,drama,100,1900000,15000000
Vidhata Tere Khel Hain Nirale,Normal,No,No,drama,10,475000,17500000
Coffee House,Holiday,No,No,drama,45,1125000,20000000
Shabnam Mousi,Holiday,No,No,drama,30,2275000,15000000
Dhadkanein,Holiday,No,No,love_story,15,1550000,15000000
Gauri The Unborn,Normal,No,No,horror,80,5600000,27500000
Manasarovar,Holiday,No,No,drama,5,145000,2500000
Aagaah - The Warning,Normal,No,No,horror,150,4000000,30000000
Bumm Bumm Bole,Normal,No,No,drama,325,13400000,70000000
Baba Ramsaa Peer,Normal,No,No,drama,15,300000,5000000
Zindagi Jalebi,Holiday,No,No,comedy,3,175000,2500000
Ada....A Way of life,Holiday,No,No,drama,15,165000,12500000
Dor,Normal,Yes,No,drama,100,38100000,30000000
Mod,Normal,No,No,love_story,225,6325000,55000000
Sarfaroshi - A War Against System,Normal,No,No,thriller,75,1200000,15000000
Meri Pyaari Bindu,Normal,No,No,rom__com,750,177910000,220000000
Bareilly Ki Barfi,Normal,No,No,rom__com,1000,548960000,200000000
Bewakoofiyaan,Holiday,No,No,rom__com,1100,222060000,220000000
Shubh Mangal Saavdhan,Holiday,Yes,No,comedy,1300,640220000,250000000
Nautanki Saala,Holiday,No,No,comedy,925,329322500,160000000
Dum Laga Ke Haisha,Normal,No,No,comedy,775,414537500,140000000
Vicky Donor,Normal,No,No,comedy,575,613200000,100000000
Hawaizaada,Normal,No,No,drama,900,55900000,340000000
Qasam Se Qasam Se,Normal,No,No,love_story,100,3050000,20000000
Main Aur Mr. Riight,Normal,No,No,rom__com,300,3900000,42500000
Janani,Normal,No,No,drama,15,300000,15000000
Wife Hai To Life Hai,Holiday,No,No,comedy,5,300000,7500000
Cigarette Ki Tarah,Normal,No,No,thriller,225,5900000,60000000
Aatma,Normal,No,No,horror,70,9400000,25000000
Corporate,Normal,No,No,drama,250,150560000,67500000
Chehraa,Holiday,No,No,thriller,50,6200000,40000000
Pankh,Holiday,No,No,drama,125,2025000,55000000
Creature 3D,Normal,No,Yes,horror,1300,206350000,250000000
Yaad Rakhenge Aap,Normal,No,No,drama,1,325000,1500000
Humko Tumse Pyaar Hai,Holiday,No,No,love_story,140,43280000,75000000
Chamku,Normal,No,No,action,425,30967500,100000000
Help,Holiday,No,No,horror,575,30900000,80000000
Nanhe Jaisalmer,Holiday,No,No,drama,125,6996000,55000000
Vaada Raha...,Normal,No,No,drama,275,11000000,60000000
Ek - The Power Of One,Holiday,No,No,action,650,91500000,210000000
Barsaat,Holiday,No,No,love_story,375,195600000,100000000
Shaka Laka Boom Boom,Holiday,No,No,drama,425,95900000,115000000
Jurm,Holiday,No,No,thriller,275,61400000,90000000
London Calling,Holiday,No,No,drama,40,1525000,10000000
Santa Banta Pvt. Ltd.,Normal,No,No,comedy,550,12500000,95000000
Shirin Farhad Ki Toh Nikal Padi,Normal,No,No,rom__com,650,198675000,190000000
Well Done Abba,Normal,No,No,drama,325,42300000,60000000
Ooops A Desi,Normal,No,No,thriller,30,475000,15000000
Accident On Hill Road,Holiday,No,No,thriller,75,1950000,35000000
Ek Main Ek Tum,Normal,No,No,horror,2,75000,3000000
MLA,Normal,No,No,drama,55,675000,17500000
Laash - The Deadly Revenge,Normal,No,No,adult,10,2200000,1500000
Prague,Normal,No,No,thriller,85,1150000,40000000
Love You To Death,Holiday,No,No,drama,35,525000,20000000
Maruti Mera Dosst,Normal,No,No,fantasy,150,4000000,27500000
Prem Mayee,Normal,No,No,drama,45,925000,20000000
Mokssh,Normal,No,No,drama,3,500000,5000000
Miley Naa Miley Hum,Holiday,No,No,love_story,325,9700000,130000000
Wake Up India,Normal,No,No,drama,175,950000,15000000
Fruit & Nut,Normal,No,No,comedy,50,1500000,50000000
Frozen,Holiday,No,No,drama,8,650000,2500000
Dilli Gang,Normal,No,No,drama,175,900000,15000000
Zokkomon,Holiday,No,No,fantasy,350,11300000,100000000
Today Expose,Holiday,No,No,adult,1,300000,1000000
Diwangi Ne Had Kar Di,Holiday,No,No,thriller,50,500000,12500000
The Light - Swami Vivekananda,Normal,No,No,drama,50,3000000,17500000
Daayen Ya Baayen,Normal,No,No,drama,15,142000,5000000
Chor Chor Super Chor,Holiday,No,No,comedy,125,1750000,37500000
Chal Bhaag,Normal,No,No,comedy,125,750000,20000000
Vikalp,Normal,No,No,drama,125,1500000,35000000
Finding Fanny,Normal,No,No,drama,875,512810000,290000000
Yeh Dooriyaan,Holiday,No,No,love_story,175,2100000,62500000
Rivaaz,Normal,No,No,drama,175,2600000,37500000
Memories in March,Holiday,No,No,drama,20,1425000,15000000
Bubble Gum,Normal,No,No,drama,50,1150000,17500000
Mr. Prime Minister,Holiday,No,No,drama,45,540000,12500000
Chargesheet,Holiday,No,No,suspense,75,575000,32500000
Aman Ke Farisshtey,Normal,No,No,action,5,750000,7000000
Karavaas - The Punishment,Normal,No,No,love_story,2,180000,4500000
9 Eleven,Normal,No,No,thriller,20,250000,20000000
Jalsa Ghar Ki Devi,Normal,No,No,drama,2,250000,2500000
Ram Balram Aur Ramkali,Normal,No,No,action,2,950000,1500000
Raanjhanaa,Normal,No,No,love_story,1450,941342500,360000000
Second Hand Husband,Normal,No,No,comedy,525,51050000,110000000
Humraah - The Traitor,Normal,No,No,action,15,205000,7000000
Naam Gum Jaayega,Holiday,No,No,thriller,7,350000,15000000
B.A. Pass,Holiday,No,No,adult,600,114600000,67500000
Pairon Talle,Normal,No,No,thriller,10,255000,5000000
Phillauri,Normal,No,No,drama,1500,466075000,290000000
Bollywood Villa,Normal,No,No,suspense,1,825000,8000000
Phir Aik Saazish,Normal,No,No,thriller,100,2300000,9000000
What The Fish,Normal,No,No,comedy,350,9800000,45000000
Har Raat Naya Saudagar,Normal,No,No,drama,1,950000,1500000
Maya Ya Maut,Holiday,No,No,adult,2,650000,2000000
Anamika,Normal,No,No,thriller,75,2450000,32500000
Tom Dick and Harry,Holiday,No,No,comedy,275,135150000,75000000
Gumnaam - The Mystery,Normal,No,No,suspense,70,3150000,32500000
Bhram,Holiday,No,No,thriller,250,5300000,60000000
Holiday,Holiday,No,No,drama,100,11200000,35000000
Life Mein Kabhi Kabhiee,Holiday,No,No,drama,110,10500000,50000000
Anuradha - Aur Uski Kahaani,Normal,No,No,drama,100,675000,17500000
Pehli Nazar Ka Pyaar,Normal,No,No,love_story,7,325000,7500000
Saathi - The Companion,Holiday,No,No,drama,5,350000,6000000
Kahaani Gudiya Ki...,Normal,No,No,drama,3,80000,3000000
Monica,Normal,No,No,thriller,100,2850000,45000000
Shobhayatra,Normal,No,No,comedy,5,42500,5000000
Lucky Kabootar,Holiday,No,No,rom__com,375,4200000,70000000
Tell Me O Kkhuda,Holiday,No,No,drama,325,12300000,160000000
Aashiq Banaye Aapne,Normal,No,No,love_story,225,93225000,45000000
Dil Diya Hai,Normal,No,No,thriller,225,32500000,85000000
Aksar,Normal,No,No,thriller,325,121800000,52500000
Azhar,Normal,No,No,drama,2100,499390000,400000000
Gangster - A Love Story,Holiday,No,No,love_story,300,179300000,65000000
Good Boy Bad Boy,Normal,No,No,comedy,525,103268750,125000000
Shanghai,Normal,No,No,thriller,975,349650000,230000000
Jannat,Normal,No,No,drama,825,415700000,100000000
Tum Mile,Normal,No,No,love_story,675,134600000,220000000
Jannat 2,Holiday,No,Yes,thriller,2050,630910000,200000000
Raja Natwarlal,Holiday,No,No,thriller,1950,390095000,470000000
Jawani Diwani - A Youtful Joyride,Normal,No,No,comedy,275,67554000,47500000
Zeher,Holiday,Yes,No,thriller,275,110631250,50000000
Awarapan,Normal,Yes,No,drama,375,122575000,180000000
Raaz - The Mystery Continues,Holiday,No,Yes,horror,1150,380900000,180000000
Crook,Normal,No,No,action,1050,150410000,230000000
Murder 2,Normal,No,Yes,thriller,1300,678450000,130000000
Hamari Adhuri Kahani,Normal,No,No,love_story,1750,518720000,400000000
Ghanchakkar,Normal,No,No,comedy,1450,449915000,290000000
The Killer,Normal,No,No,thriller,250,65379000,72500000
The Train,Normal,Yes,No,thriller,325,71718750,77500000
Ungli,Normal,No,No,drama,1800,249657500,390000000
Rush,Holiday,No,No,thriller,800,45400000,180000000
Raaz 3,Normal,No,Yes,horror,2100,952662500,310000000
Mr. X,Normal,No,No,fantasy,2100,297362500,370000000
Raaz Reboot,Normal,No,Yes,horror,1700,369650000,310000000
Chocolate,Normal,No,No,thriller,255,103520000,90000000
Siyaah,Normal,No,No,horror,50,1350000,12500000
Chand Bujh Gaya,Normal,No,No,love_story,20,1552500,17500000
Shaadi No. 1,Holiday,No,No,comedy,425,204932500,150000000
Just Married,Holiday,No,No,rom__com,250,62120000,80000000
Dulha Mil Gaya,Normal,No,No,rom__com,550,64850000,220000000
Jai Veeru,Normal,No,No,action,475,38000000,150000000
Darling,Normal,No,No,drama,240,47482500,65000000
Ek Khiladi Ek Haseena,Normal,No,No,thriller,300,78866250,57500000
Acid Factory,Normal,Yes,No,thriller,850,52000000,210000000
Rock On!!,Normal,No,No,drama,400,360937500,190000000
Wazir,Normal,No,No,thriller,1550,757515000,360000000
Bhaag Milkha Bhaag,Normal,No,No,drama,1650,1637800000,530000000
Lucknow Central,Normal,No,No,drama,1250,179356250,300000000
Shaadi Ke Side Effects,Normal,No,Yes,rom__com,1900,696300000,430000000
Rock On 2,Holiday,No,Yes,drama,1450,177600000,450000000
Karthik Calling Karthik,Holiday,No,No,thriller,850,282200000,200000000
Luck By Chance,Holiday,No,No,drama,600,216075000,180000000
Children Of War,Normal,No,No,drama,275,7500000,90000000
Lahore,Normal,No,No,drama,325,12100000,95000000
Barefoot To Goa,Normal,No,No,drama,25,420000,6000000
Main Hoon Durga,Normal,No,No,action,20,650000,7000000
Khoobsurat,Normal,No,No,rom__com,1150,506715000,230000000
Aaj Ka Fashion Trend,Normal,No,No,drama,10,140000,2000000
Tum Ho Yaara,Normal,No,No,drama,5,550000,6000000
Na Jaane Kabse,Normal,No,No,rom__com,75,750000,30000000
Muskurake Dekh Zara,Normal,No,No,rom__com,175,2900000,35000000
Vroom,Normal,No,No,comedy,75,750000,40000000
Hota Hai Dil Pyaar Mein Paagal,Holiday,No,No,love_story,5,175000,10000000
Bad Luck Govind,Normal,No,No,comedy,65,975000,37500000
Bhooton Ki Raasleela,Normal,No,No,adult,1,500000,2000000
Go,Normal,No,No,drama,210,20600000,55000000
Shoot At Sight,Holiday,No,No,thriller,4,87000,1000000
Let's Dance,Normal,No,No,drama,70,750000,45000000
Will To Live,Holiday,No,No,drama,10,55000,5500000
Ramaiya Vastavaiya,Normal,Yes,No,love_story,1400,383420000,380000000
Loveshhuda,Holiday,No,No,rom__com,900,42912500,220000000
Sandwich,Holiday,No,No,comedy,90,6800000,100000000
Do Knot Disturb,Holiday,No,No,comedy,1000,278900000,300000000
Money Hai Toh Honey Hai,Normal,No,No,comedy,525,62625000,180000000
Khullam Khulla Pyaar Karen,Holiday,No,No,comedy,60,11787500,67500000
Naughty @ 40,Holiday,No,No,comedy,425,19400000,100000000
Jahan Jaaeyega Humen Paaeyega,Normal,No,No,drama,20,2150000,40000000
Deewana Main Deewana,Normal,No,No,love_story,200,4400000,50000000
Ssukh,Normal,No,No,drama,25,1250000,50000000
Loot,Holiday,No,No,comedy,625,44100000,150000000
Life Partner,Holiday,No,No,comedy,900,330220000,250000000
Chal Chala Chal,Holiday,No,No,comedy,150,17800000,80000000
Yehi Hai Zindagi,Normal,No,No,drama,25,2100000,10000000
Mahabharat Aur Barbareek,Normal,No,No,mythological,15,1750000,17500000
Chanchal,Normal,No,No,drama,2,142500,10000000
Dekh Re Dekh,Normal,No,No,comedy,80,1425000,15000000
Milta Hai Chance By Chance,Holiday,No,No,love_story,20,310000,15000000
Aseema,Normal,No,No,drama,7,70000,10000000
Meri Marzi,Normal,No,No,drama,1,35000,4000000
Hello Darling,Normal,No,No,comedy,475,26200000,110000000
Red Light,Holiday,No,No,adult,1,1400000,1500000
The Real Dream Girl,Normal,No,No,adult,1,1100000,2000000
I Am Singh,Normal,No,No,drama,300,4350000,90000000
The Dirty MMS,Normal,No,No,adult,2,1400000,2000000
Meri Shadi Karao,Normal,No,No,rom__com,90,2050000,22500000
MSG - The Warrior Lion Heart,Holiday,No,Yes,drama,450,176667500,180000000
Hind Ka Napak Ko Jawab - MSG Lion Heart-2,Holiday,No,Yes,action,525,143607000,120000000
Jattu Engineer,Normal,No,No,drama,200,99724500,90000000
MSG - The Messenger Of God,Holiday,No,No,drama,650,168990000,300000000
MSG 2 - The Messenger,Normal,No,Yes,drama,500,171772500,230000000
Banana Brothers,Normal,No,No,drama,15,275000,30000000
Lateef - The King Of Crime,Normal,No,No,drama,125,2200000,30000000
Bengaloored,Holiday,No,No,drama,5,195000,5000000
Victory,Holiday,No,No,drama,325,19235000,190000000
Love Story 2050,Holiday,No,No,fantasy,900,184737500,400000000
Dishkiyaoon,Holiday,No,No,thriller,1550,68872500,39000000
My Friend Ganesha 2,Holiday,No,Yes,drama,15,400000,25000000
I Am Kalam,Normal,No,No,drama,150,14200000,20000000
Jigariyaa,Holiday,No,No,love_story,350,2700000,60000000
Mirzya,Holiday,No,No,love_story,1750,134665000,630000000
Sanam Teri Kasam,Normal,No,No,love_story,10,725000,25000000
Ek Thi Rani Aisi Bhi,Normal,No,No,drama,65,875000,4000000
2 Nights In Soul Valley,Holiday,No,No,horror,20,275000,3000000
Yaariyan,Normal,No,No,love_story,1400,524050000,210000000
Ranchi Diaries,Normal,No,No,drama,575,11100000,42500000
Login,Normal,No,No,thriller,10,275000,20000000
Rain,Holiday,No,No,thriller,45,9888000,12500000
The Xpose,Normal,No,No,thriller,1050,129600000,150000000
Radio,Normal,No,No,drama,275,9700000,90000000
Kajraare,Holiday,No,No,love_story,2,70000,120000000
Karzzzz,Normal,Yes,No,drama,900,162800000,240000000
Teraa Surroor,Normal,No,Yes,thriller,1150,85400000,150000000
Damadamm!,Holiday,No,No,comedy,225,9100000,50000000
Aap Kaa Surroor,Normal,No,No,drama,550,191600000,90000000
Www.Sheetal Bhabhi.com,Normal,No,No,comedy,175,4350000,12500000
Shaabash! You Can Do It!,Normal,No,No,drama,3,72500,7000000
5ters: Castle of Dark Master,Normal,No,No,fantasy,15,72500,17500000
Jigyaasa,Normal,No,No,drama,25,2700000,20000000
Kites,Normal,No,No,thriller,1800,863320000,820000000
Jodhaa Akbar,Normal,No,No,love_story,1000,1077817500,550000000
Mohenjo Daro,Holiday,No,No,drama,2700,1040750000,1380000000
Agneepath,Holiday,Yes,No,action,2600,1943275000,710000000
Krrish,Normal,No,No,action,950,1265587500,400000000
Krrish 3,Holiday,No,Yes,action,3500,2915240000,950000000
Dhoom 2,Holiday,No,Yes,action,1000,1513890000,420000000
Kaabil,Holiday,No,No,thriller,2550,1545140000,890000000
Guzaarish,Holiday,No,No,drama,1300,548945000,740000000
Bang Bang,Holiday,Yes,No,action,3250,2706912500,1600000000
Zindagi Na Milegi Dobara,Normal,No,No,drama,1400,1531610000,600000000
Greater Elephant,Holiday,No,No,drama,3,72000,3000000
Shree,Normal,No,No,thriller,100,1750000,30000000
Chaska - An Addiction,Holiday,No,No,adult,1,1250000,2000000
Aishwarya,Normal,No,No,drama,45,3600000,5500000
Dil Dosti Etc,Normal,No,No,drama,135,37400000,35000000
404,Normal,No,No,thriller,225,15700000,40000000
Bhookh - The Hunger Of Body,Holiday,No,No,adult,3,2100000,2500000
Jaane Tu... Ya Jaane Na,Holiday,No,No,love_story,600,842022500,150000000
Delhi Belly,Holiday,No,No,comedy,1250,911950000,230000000
Mere Brother Ki Dulhan,Holiday,No,No,rom__com,1650,938420000,320000000
Break Ke Baad,Normal,No,No,rom__com,875,284100000,220000000
Katti Batti,Normal,No,No,rom__com,1250,426425000,320000000
I Hate Luv Storys,Normal,No,No,love_story,1050,739957500,230000000
Gori Tere Pyaar Mein,Holiday,No,No,rom__com,1400,311207500,450000000
Kidnap,Holiday,No,No,thriller,875,356060000,310000000
Matru Ki Bijlee Ka Mandola,Holiday,No,No,drama,1850,617615000,410000000
Ziyarat,Normal,No,No,drama,2,35000,4000000
Life In A Metro,Normal,No,No,drama,225,244535000,95000000
Rog,Normal,No,No,suspense,160,32300000,35000000
Apna Asmaan,Normal,No,No,drama,45,1700000,30000000
Talvar,Holiday,No,No,drama,675,471780000,170000000
Billu,Holiday,Yes,No,comedy,1050,474512500,270000000
Hindi Medium,Normal,No,No,comedy,1050,918550000,230000000
Yeh Saali Zindagi,Normal,No,No,thriller,650,148100000,110000000
Qarib Qarib Singlle,Normal,No,No,rom__com,900,210300000,170000000
Paan Singh Tomar,Normal,No,No,drama,300,201800000,70000000
C U At 9,Normal,No,No,suspense,35,2700000,8000000
Shabri,Holiday,No,No,drama,75,1650000,35000000
Aashiqui.in,Holiday,No,No,love_story,30,650000,25000000
Ab To Jaago,Normal,No,No,drama,1,35000,1500000
Sixteen,Normal,No,No,drama,300,17600000,27500000
Kaand - Black Scandal,Holiday,No,No,drama,10,425000,3000000
Bhoot Returns,Normal,No,Yes,horror,925,63920000,75000000
Daal Mein Kuch Kaala Hai!,Normal,No,No,comedy,125,5300000,40000000
Thodi Life Thoda Magic,Normal,No,No,drama,30,550000,12500000
Maalik Ek,Normal,No,No,mythological,75,875000,10000000
Married To America,Holiday,No,No,thriller,150,2200000,25000000
Musaa - The Most Wanted,Normal,No,No,thriller,40,1400000,12500000
We R Friends,Normal,No,No,drama,20,950000,10000000
Dilliwali Zaalim Girlfriend,Holiday,No,No,rom__com,575,30900000,75000000
Bhoot And Friends,Holiday,No,No,drama,25,150000,15000000
Kahin Hai Mera Pyar,Normal,No,No,love_story,275,2275000,45000000
Hum Do Anjaane,Normal,No,No,action,30,750000,15000000
Bhoot Unkle,Normal,No,No,drama,20,500000,25000000
Ek Second... Jo Zindagi Badal De?,Normal,No,No,thriller,175,4400000,27500000
Vidyaarthi,Normal,No,No,drama,5,325000,15000000
Mera Dil Leke Dekkho,Holiday,No,No,rom__com,70,1825000,27500000
Kitkit + Cricket = Kirkit,Normal,No,No,drama,40,450000,7500000
Rangrezz,Normal,No,No,drama,1150,97181250,230000000
F.A.L.T.U,Holiday,No,No,comedy,1200,329200000,200000000
Ajab Gazabb Love,Holiday,No,No,comedy,850,102090000,290000000
Youngistaan,Holiday,No,No,drama,1000,94500000,280000000
Www.Love.com,Holiday,No,No,thriller,50,2050000,15000000
My Bollywood Bride,Normal,No,No,rom__com,10,72500,67500000
Ye Stupid Pyar,Normal,No,No,love_story,20,225000,10000000
The Forest,Normal,No,No,thriller,15,390000,15000000
Love Songs,Normal,No,No,drama,18,1125000,5000000
Bazaar-E-Husn,Normal,No,No,drama,10,100000,4500000
Ho Jaata Hai Pyar,Normal,No,No,love_story,5,650000,8000000
Delhii Heights,Holiday,No,No,drama,160,9900000,42500000
Strangers,Normal,No,No,drama,100,6150000,37500000
Victoria No. 203,Normal,No,No,comedy,165,13500000,90000000
Four Two Ka One,Normal,No,No,comedy,65,2650000,60000000
Chhodon Naa Yaar,Normal,No,No,thriller,70,2650000,32500000
Rehguzar,Normal,No,No,drama,8,270000,22500000
A Flat,Normal,No,No,thriller,175,4200000,55000000
Bachelor Party,Normal,No,No,comedy,50,1320000,25000000
Fugly,Normal,No,No,drama,950,148278750,180000000
Umar,Normal,No,No,drama,55,4001000,35000000
Silsiilay,Normal,No,No,drama,125,17835500,60000000
Bas Ek Pal,Normal,No,No,drama,70,8400000,47500000
Darr @ The Mall,Holiday,No,No,horror,1200,78400000,160000000
Yahaan,Normal,No,No,drama,55,16700000,35000000
Hastey Hastey - Follow Your Heart,Normal,No,No,comedy,175,13000000,45000000
Jhoota Hi Sahi,Holiday,No,No,rom__com,650,155850000,350000000
Force 2,Normal,No,Yes,action,2250,526062500,410000000
Welcome Back,Holiday,No,Yes,comedy,3200,1687670000,1080000000
No Smoking,Holiday,No,No,drama,225,34930000,75000000
Water,Normal,No,No,drama,175,23600000,120000000
Kabul Express,Normal,No,No,drama,275,214025000,120000000
New York,Normal,No,No,thriller,1200,783367500,280000000
I. Me Aur Main,Normal,No,No,rom__com,975,137885000,200000000
Taxi Number 9 2 11,Holiday,No,No,drama,400,321700000,100000000
Aashayein,Normal,No,No,drama,425,34675000,180000000
Force,Holiday,No,No,action,1450,390320000,280000000
Rocky Handsome,Holiday,No,No,thriller,1900,355818750,430000000
Dishoom,Normal,No,No,action,3000,1187630000,610000000
Karam,Normal,No,No,thriller,225,77625000,57500000
Shootout At Wadala,Normal,No,Yes,action,2200,825542500,490000000
Madras Cafe,Normal,No,No,thriller,1050,675640000,350000000
Dhan Dhana Dhan Goal,Holiday,No,No,drama,650,217243750,190000000
Mein Bikaaoo On Sale,Holiday,No,No,drama,1,575000,3000000
7 1/2 Phere,Normal,No,No,comedy,50,15200000,20000000
I Am,Holiday,No,No,drama,75,6700000,17500000
Main Hoon Krishna,Holiday,No,No,animation,175,2900000,50000000
Sardi Mein Garmi,Normal,No,No,adult,1,500000,1500000
Topless,Normal,No,No,adult,30,4900000,12500000
26th July At Barista,Normal,No,No,drama,50,1325000,10000000
Main Tere Ishq Mein,Normal,No,No,love_story,1,950000,4000000
Mudrank - The Stamp,Normal,No,No,drama,15,650000,3000000
We Are Family,Holiday,Yes,No,drama,900,420490000,300000000
Dhund Lenge Manzil Hum,Holiday,No,No,drama,5,275000,2500000
That Girl in Yellow Boots,Normal,No,No,drama,200,27100000,40000000
Margarita With A Straw,Normal,No,No,drama,250,74300000,65000000
Janleva 555,Holiday,No,No,thriller,70,2550000,20000000
Deshdrohi,Normal,No,No,action,75,8900000,30000000
Mumbai Xpress,Holiday,No,No,comedy,150,51750000,45000000
Phaans - Ek Jasoos Ki Kahani,Holiday,No,No,thriller,10,175000,4500000
Simran,Normal,No,No,drama,1550,263025000,280000000
Revolver Rani,Normal,No,No,drama,1600,118700000,270000000
Queen,Normal,No,No,drama,800,974180000,230000000
Rajjo,Holiday,No,No,drama,425,11900000,110000000
Myoho,Normal,No,No,drama,25,315000,12500000
Aatma,Normal,No,No,horror,70,9400000,25000000
Nishaan - The Mark,Normal,No,No,suspense,25,2600000,12500000
Kis Kisko Pyaar Karoon,Holiday,No,No,comedy,1700,716000000,160000000
Firangi,Holiday,No,No,drama,1550,166040000,400000000
Alone,Normal,No,No,horror,1600,258450000,190000000
Aakhri Deal,Normal,No,No,action,10,425000,1000000
Love Possible,Normal,No,No,love_story,50,875000,10000000
Rajula - A Tale From The Himalayas,Holiday,No,No,drama,10,575000,2500000
Sadda Adda,Holiday,No,No,drama,175,4700000,27500000
Zid,Normal,No,No,thriller,1200,81500000,100000000
Heroine,Normal,No,No,drama,2000,571175000,350000000
Ki & Ka,Normal,No,No,rom__com,1600,993000000,350000000
Ek Main Aur Ekk Tu,Normal,No,No,love_story,1250,721100000,320000000
Dangerous Ishhq,Normal,No,No,thriller,1050,86880000,260000000
Bachao Inside Bhoot Hai,Normal,No,No,horror,40,550000,8000000
Guest In London,Normal,No,No,comedy,1350,111125000,280000000
Pyaar Ka Punchnama,Normal,No,No,rom__com,550,170300000,97500000
Akaash Vani,Holiday,No,No,rom__com,450,30600000,100000000
Pyaar Ka Punchnama 2,Normal,No,Yes,comedy,1400,881767500,220000000
Jhansi Ki Rani Laxmibai,Holiday,No,No,action,20,850000,20000000
Revati,Holiday,No,No,drama,10,1500000,9000000
Bumboo,Holiday,No,No,comedy,175,3775000,25000000
Bhindi Bazaar Inc,Normal,No,No,thriller,300,16100000,50000000
Black Friday,Holiday,No,No,drama,160,67840000,45000000
Gulaal,Normal,No,No,thriller,425,58900000,100000000
Dansh,Normal,No,No,drama,25,1000000,5000000
The Stoneman Murders,Holiday,No,No,suspense,175,8300000,47500000
Rahasya,Normal,No,No,suspense,325,15200000,60000000
Mumbai Meri Jaan,Holiday,No,No,drama,175,50220000,35000000
Sankat City,Normal,No,No,comedy,100,11400000,32500000
Life Ki Toh Lag Gayi,Normal,No,No,comedy,100,1950000,35000000
Ankur Arora Murder Case,Normal,No,No,thriller,300,8200000,75000000
Benny And Babloo,Holiday,No,No,comedy,60,1000000,47500000
Main Hoon Basanti Tangewali,Holiday,No,No,adult,1,675000,1000000
Ladies First,Holiday,No,No,drama,10,140000,2000000
It Can Be Dangerous - City Of Dreams,Normal,No,No,drama,40,450000,325000
Sitam,Normal,No,No,drama,15,1800000,12500000
Jalwa - Fun In Love,Normal,No,No,drama,20,1765625,12500000
Just 47 - Hum Bhi Insaan Hai,Normal,No,No,drama,15,140000,8000000
Shudra - The Rising,Holiday,No,No,drama,225,11500000,50000000
Mummy Punjabi,Holiday,No,No,drama,50,750000,42500000
Saas Bahu Aur Sensex,Normal,No,No,drama,200,16600000,52500000
Indu Sarkar,Normal,No,No,drama,875,60700000,120000000
It's Breaking News,Normal,No,No,drama,60,1250000,20000000
Mumbai 118,Normal,No,No,drama,30,500000,7500000
Lipstick Under My Burkha,Normal,No,No,drama,500,215600000,70000000
Page 3,Holiday,No,No,drama,50,128393750,42500000
Chai Pani Etc...,Normal,No,No,comedy,12,1100000,17500000
Amu,Normal,No,No,drama,4,362500,5000000
U Bomsi N Me,Normal,No,No,drama,10,180000,3000000
Love King Murder,Normal,No,No,adult,15,900000,1500000
Aur Pappu Pass Ho Gaya,Normal,No,No,comedy,15,525000,10000000
Shringaar,Normal,No,No,adult,20,1525000,4000000
Rooh,Normal,No,No,horror,10,825000,12500000
Gailya - The Ghost Of Night,Holiday,No,No,comedy,3,187500,2500000
Hattrick,Holiday,No,No,comedy,400,72580000,90000000
Luv Shuv Tey Chicken Khurana,Holiday,No,No,comedy,450,109780000,110000000
Raag Desh,Normal,No,No,drama,625,11800000,9500000
99,Normal,No,No,drama,550,147600000,90000000
Traffic Signal,Holiday,No,No,drama,325,121120000,52500000
Kalyug,Normal,No,No,drama,225,102622000,40000000
Superstar,Holiday,No,No,drama,375,31900000,90000000
Dhoondte Reh Jaoge,Holiday,No,No,comedy,625,90350000,100000000
Blood Money,Holiday,No,No,thriller,1150,116800000,90000000
Mumbai Shooters,Holiday,No,No,action,50,1525000,15000000
Titar Fanda - A Death Trap,Normal,No,No,drama,2,300000,1500000
Rajdhani Express,Normal,No,No,thriller,275,4000000,65000000
Delhi In A Day,Normal,No,No,drama,15,800000,7500000
W,Holiday,No,No,thriller,150,2000000,15000000
Before The Rains,Holiday,No,No,drama,25,700000,120000000
Kasak,Holiday,No,No,drama,75,5100000,15000000
Rise Of The Zombie,Normal,No,No,horror,225,3900000,30000000
Sadiyaan,Holiday,No,No,drama,400,18125000,180000000
Rakhtbeej,Normal,No,No,drama,300,6500000,50000000
Kabhi Socha Bhi Na Tha,Normal,No,No,drama,20,525000,3500000
Aaja Nachle,Normal,No,No,drama,600,284400000,200000000
Gulaab Gang,Normal,No,No,drama,1700,165890000,290000000
Jimmy,Normal,No,No,suspense,425,18600000,90000000
The Murderer,Holiday,No,No,thriller,75,6000000,40000000
Haunted 3D,Holiday,No,Yes,horror,1100,360300000,130000000
Be Parda,Normal,No,No,adult,5,2200000,6000000
Saheb Biwi Aur Gangster,Holiday,No,No,thriller,525,107550000,60000000
Saheb Biwi Aur Gangster Returns,Holiday,No,Yes,thriller,1350,288013750,190000000
Kudiyon Ka Hai Zamana,Holiday,No,No,comedy,85,3425000,75000000
The Film,Normal,No,No,drama,25,850000,15000000
Souten - The Other Woman,Normal,No,No,thriller,110,15400000,35000000
Bachke Rehna Re Baba,Normal,No,No,comedy,225,55192500,60000000
Hisss,Holiday,No,No,thriller,650,75582500,280000000
Dirty Politics,Holiday,No,No,drama,1150,84800000,110000000
Ugly Aur Pagli,Normal,No,No,rom__com,400,107516250,120000000
Maan Gaye Mughall-E-Azam,Holiday,No,No,comedy,325,25872000,80000000
Sau Jhooth Ek Sach,Normal,No,No,drama,3,180000,5000000
Ek Pyaar Aisa Bhi,Normal,No,No,drama,1,500000,4000000
Vishwas - The Power Of Faith,Holiday,No,No,drama,10,290000,3000000
Meerabai Not Out,Normal,No,No,comedy,105,1050000,22500000
Trip To Bhangarh,Holiday,No,No,horror,150,3100000,35000000
Tere Bin Laden - Dead Or Alive,Normal,No,Yes,comedy,850,58070000,130000000
Mickey Virus,Normal,No,No,comedy,1000,106000000,110000000
Anjaane - The Unknown,Holiday,No,No,suspense,30,1350000,15000000
Chaahat Ek Nasha...,Holiday,No,No,love_story,150,15300000,22500000
Tulsi,Normal,No,No,drama,8,120000,10000000
Sirf....,Normal,No,No,drama,110,5550000,30000000
Life Is Beautiful!,Normal,No,No,drama,50,825000,25000000
Dus Tola,Holiday,No,No,comedy,175,1950000,62500000
Jugaad,Holiday,No,No,comedy,90,1950000,40000000
Gangs Of Wasseypur 1,Normal,No,No,drama,1000,379699000,210000000
Chittagong,Normal,No,No,drama,65,4750000,50000000
Fareb,Holiday,No,No,thriller,70,10834800,35000000
Swami,Normal,No,No,drama,40,2350000,27500000
Aligarh,Normal,No,No,drama,450,37400000,110000000
Lanka,Normal,No,No,drama,375,5900000,80000000
Traffic,Holiday,Yes,No,drama,500,51267500,90000000
The Dirty Relation,Holiday,No,No,adult,50,5000000,5000000
Chaahat Ek Ehsaas,Normal,No,No,adult,1,70000,4000000
Ya Rab,Normal,No,No,drama,275,3600000,60000000
Hum Tum Dushman Dushman,Normal,No,No,drama,125,1625000,20000000
Hum Sey Hai Jahaan,Normal,No,No,rom__com,40,1375000,50000000
Thanks Maa,Normal,No,No,drama,125,2000000,25000000
Bhadaas,Normal,No,No,thriller,125,1850000,27500000
5 Ghantey Mein 5 Crore,Holiday,No,No,horror,30,525000,17500000
Bad Friend,Holiday,No,No,adult,3,2200000,4000000
Mashooka,Normal,No,No,drama,35,6543500,15000000
Hum Tum Aur Mom,Normal,No,No,drama,5,400000,20000000
Love Lies And Seeta,Normal,No,No,rom__com,25,250000,17500000
Tezaab - The Acid of Love,Normal,No,No,drama,30,6665250,12500000
Balwinder Singh... Famous Ho Gaya,Normal,No,No,comedy,450,5700000,70000000
U R My Jaan,Normal,No,No,love_story,70,1100000,30000000
Husn Bewafa,Normal,No,No,drama,3,650000,4500000
Karo Na... Pyaar,Normal,No,No,adult,8,650000,4000000
Humne Jeena Seekh Liya,Holiday,No,No,drama,5,250000,7000000
Katputtli,Holiday,No,No,thriller,25,400000,20000000
Kaanchi,Normal,No,No,drama,1250,53000000,240000000
Don Muthu Swami,Normal,No,No,comedy,200,8400000,47500000
Baabarr,Normal,No,No,action,350,19786000,45000000
Zindagi Tere Naam,Normal,No,No,drama,90,2300000,35000000
Enemmy,Normal,No,No,thriller,900,22800000,120000000
Classic Dance Of Love,Normal,No,No,love_story,80,10226250,37500000
Zor Lagaa Ke... Haiya!,Normal,No,No,drama,125,2725000,32500000
Insaaf Ki Jung,Normal,No,No,thriller,2,72500,10000000
Sun Zarra.....,Holiday,No,No,love_story,35,2500000,22500000
Qatal-E-Aam,Holiday,No,No,action,30,4530625,12500000
Chal Chalein,Normal,No,No,drama,45,550000,20000000
Unforgettable,Normal,No,No,love_story,25,310000,60000000
Bullet Ek Dhamaka,Normal,No,No,thriller,60,6843500,55000000
Gattu,Normal,No,No,drama,55,1550000,27500000
The Film Emotional Atyachar,Normal,No,No,drama,300,11000000,60000000
Shiva,Normal,No,No,action,225,34300000,60000000
Second Marriage Dot Com,Holiday,No,No,drama,25,825000,20000000
Dimaag Ki Dahi,Normal,No,No,comedy,3,275000,3000000
Mumbai Mast Kallander,Holiday,No,No,drama,45,875000,17500000
Love In Japan,Holiday,No,No,comedy,2,425000,12500000
Lakshmi,Normal,No,No,drama,100,3900000,40000000
Bobby - Love & Lust,Normal,No,No,drama,40,7464050,7000000
Ek Hi Bhool,Holiday,No,No,drama,25,6253400,6500000
Ek Chatur Naar,Holiday,No,No,thriller,5,3150000,4000000
The Quest,Holiday,No,No,drama,9,250000,5000000
Hello Zindagi,Normal,No,No,drama,15,80000,8000000
Young - The Powerful Blood,Normal,No,No,drama,3,675000,2000000
Tantiya Bheel,Normal,No,No,action,1,800000,2500000
Chutki Bajaa Ke,Normal,No,No,drama,20,425000,12500000
Emptiness Tere Bina,Normal,No,No,drama,1,425000,750000
Payback,Holiday,No,No,drama,100,1225000,25000000
Abhi To Raat Hai,Holiday,No,No,thriller,3,575000,1500000
Machine,Normal,No,No,thriller,1600,34847500,300000000
Rang-E-Ishq,Normal,No,No,love_story,50,1300000,20000000
Dhokha,Normal,No,No,drama,125,10500000,45000000
The Untold Story Aahinsa,Normal,No,No,drama,40,450000,3500000
Mohandas,Normal,No,No,thriller,35,650000,17500000
Ab Tak Chhappan 2,Normal,No,Yes,drama,1450,93600000,180000000
Yatra,Normal,No,No,drama,50,3800000,47500000
Tum Milo Toh Sahi,Holiday,No,No,drama,400,28600000,120000000
The Attacks Of 26/11,Normal,No,No,thriller,1250,235227500,230000000
Shagird,Normal,No,No,drama,450,25900000,120000000
Ek Alag Mausam,Normal,No,No,drama,2,42500,5000000
Maharana Pratap - The First Freedom Fighter,Normal,No,No,action,5,300000,5000000
Pranali - The Tradition,Normal,No,No,drama,80,1850000,25000000
Land Gold Women,Normal,No,No,drama,10,95000,9000000
Shadow,Holiday,No,No,suspense,225,6500000,30000000
Ishqiya,Normal,No,No,rom__com,600,318150000,190000000
Dedh Ishqiya,Normal,No,Yes,rom__com,1250,408370000,370000000
Waiting,Normal,No,No,drama,275,37000000,65000000
Irada,Holiday,No,No,drama,500,11200000,75000000
Chaalis Chauraasi,Holiday,No,No,drama,500,35700000,92500000
Maximum,Normal,No,No,thriller,625,41200000,150000000
Sona Spa,Normal,No,No,thriller,200,2525000,40000000
Charlie Kay Chakkar Mein,Normal,No,No,thriller,550,10200000,60000000
Firaaq,Normal,No,No,drama,200,15700000,65000000
A Wednesday!,Normal,No,No,thriller,300,162200000,30000000
Parzania,Holiday,No,No,drama,35,10600000,30000000
Barah Aana,Normal,No,No,drama,125,8600000,45000000
Maharathi,Normal,No,No,drama,300,28000000,95000000
Men Not Allowed,Normal,No,No,drama,18,3350000,8500000
Anjunaa Beach,Normal,No,No,thriller,50,2100000,12500000
The Dark Secrets Of Tonhi,Normal,No,No,drama,15,3000000,3000000
Khwaabb,Holiday,No,No,drama,50,975000,40000000
Sulemani Keeda,Normal,No,No,rom__com,45,3325000,3500000
Bhavnao Ko Samjho,Normal,No,No,comedy,20,320000,10000000
Monsoon Shootout,Normal,No,No,drama,250,9000000,120000000
Gangs Of Wasseypur 2,Holiday,No,Yes,drama,1000,312165750,180000000
Raman Raghav 2.0,Normal,No,No,thriller,700,106780000,100000000
Manjhi - The Mountain Man,Normal,No,No,drama,575,172400000,85000000
Babumoshai Bandookbaaz,Holiday,No,No,drama,950,126200000,100000000
Haraamkhor,Holiday,No,No,drama,225,22700000,22500000
Freaky Ali,Normal,Yes,No,comedy,1200,208775000,230000000
Sheesha,Holiday,No,No,thriller,200,40418750,45000000
Siskiyaan,Holiday,No,No,thriller,65,5300000,22500000
Gandhi To Hitler,Normal,No,No,drama,150,3450000,47500000
Tum Bin 2,Normal,No,Yes,love_story,1050,67968750,160000000
Aa Dekhen Zara,Holiday,No,No,thriller,450,103835000,170000000
Jail,Normal,No,No,drama,575,86850000,140000000
Lafangey Parindey,Holiday,No,No,drama,950,319925000,190000000
3G,Normal,No,No,thriller,1200,74500000,130000000
Johnny Gaddaar,Normal,No,No,thriller,300,56800000,75000000
Shortcut Romeo,Normal,No,No,thriller,750,13600000,140000000
Bipasha - The Black Beauty,Normal,No,No,drama,15,1925000,15000000
My Name is Anthony Gonsalves,Normal,No,No,comedy,175,10100000,70000000
Jaisi Karni Waisi Bharni,Normal,No,No,drama,2,72500,4000000
Angel,Holiday,No,No,drama,85,1700000,25000000
Yeh Metro Zindagi,Normal,No,No,drama,8,475000,2500000
Ek Thee Sanam,Holiday,No,No,drama,15,475000,2000000
Badlapur Boys,Normal,Yes,No,drama,575,10900000,70000000
Cycle Kick,Normal,No,No,drama,75,650000,12500000
Titoo MBA,Holiday,No,No,comedy,150,1400000,25000000
Wah Re Ye Duniya,Holiday,No,No,drama,1,14500,6500000
Shraddha Shakti Jai Ambe Maa,Normal,No,No,mythological,1,35000,1000000
In The Name Of.. Tai - Tai Ke Naam,Normal,No,No,drama,30,250000,12500000
Agyaat,Normal,No,No,horror,700,73200000,85000000
Love U Crazy Girl,Holiday,No,No,adult,1,1000000,2500000
Khap,Normal,No,No,drama,100,2350000,27500000
Uvaa,Normal,No,No,drama,200,2850000,25000000
Na Ghar Ke Na Ghaat Ke,Normal,No,No,comedy,325,10000000,57500000
Panga Naa Lo,Normal,No,No,comedy,35,925000,12500000
Khallas,Holiday,No,No,horror,10,1000000,6000000
The Hangman,Holiday,No,No,drama,25,175000,10000000
Peepli [Live],Holiday,No,No,drama,825,468525000,140000000
Munna Mange Memsaab,Normal,No,No,comedy,25,200000,4000000
Ebn-E-Batuta,Normal,No,No,comedy,50,550000,30000000
Shivam,Holiday,No,No,thriller,25,425000,6000000
Dharm,Normal,No,No,drama,35,2300000,22500000
Chala Mussaddi - Office Office,Normal,No,No,comedy,350,13900000,65000000
The Blue Umbrella,Normal,No,No,drama,50,5000000,20000000
Hate Story,Normal,No,No,thriller,1100,164300000,90000000
M3 - Midsummer Midnight Mumbai,Normal,No,No,suspense,300,3550000,42500000
Road  To Sangam,Normal,No,No,drama,60,900000,30000000
Dharam Sankat Mein,Normal,No,No,comedy,1100,120916000,140000000
Yun Hota Toh Kya Hota,Normal,No,No,drama,75,17500000,62500000
Buddha Mar Gaya,Holiday,No,No,comedy,285,45000000,37500000
Kabhi Yun Bhi Toh Ho...,Normal,No,No,love_story,50,170000,7500000
Vighnaharta Shree Siddhivinayak,Normal,No,No,mythological,35,465000,3000000
Husn - Love & Betrayal,Normal,No,No,thriller,20,3700000,17500000
Stanley Ka Dabba,Normal,No,No,drama,250,76300000,45000000
United Six,Normal,No,No,drama,175,4000000,50000000
Sahi Dhandhe Galat Bande,Holiday,No,No,drama,350,9600000,75000000
Sikandar,Holiday,No,No,thriller,250,8240000,50000000
Love Games,Holiday,No,No,thriller,1100,43380000,100000000
Chetna - The Excitement,Normal,No,No,drama,75,12078300,12500000
Fun... Can Be Dangerous Sometimes,Normal,No,No,thriller,115,33074000,20000000
Mazaa Mazaa...,Normal,No,No,comedy,30,2450000,10000000
Laila - A Mystery,Normal,No,No,adult,125,20700000,15000000
Hey Bholenath,Holiday,No,No,mythological,1,37500,1500000
Haunted Child,Normal,No,No,horror,25,750000,12500000
Khandala House,Holiday,No,No,horror,8,1800000,2500000
Nasha,Normal,No,No,drama,1100,43100000,80000000
Bahubali - The Beginning,Normal,No,No,masala,1600,1682350000,1700000000
Bahubali 2 - The Conclusion,Holiday,No,Yes,masala,3950,8016120000,1950000000
Tutak Tutak Tutiya,Holiday,No,No,comedy,875,69405000,110000000
ABCD - Any Body Can Dance,Normal,No,No,drama,1000,577980000,270000000
Last Benchers,Holiday,No,No,drama,15,275000,4000000
Yeh Pal Ho Na Ho... Kal,Normal,No,No,drama,30,1525000,15000000
Qayamat Hi Qayamat,Normal,No,No,action,275,7800000,20000000
Mr. Singh Mrs. Mehta,Holiday,No,No,drama,30,1300000,20000000
Ekk Deewana Tha,Holiday,Yes,No,love_story,600,85557500,140000000
Issaq,Normal,No,No,love_story,975,53700000,250000000
My Friend Pinto,Normal,No,No,drama,375,18100000,90000000
Jalpari - The Desert Mermaid,Normal,No,No,drama,40,875000,35000000
With Luv... Tumhaara,Normal,No,No,love_story,20,625000,22500000
Videsh,Holiday,No,No,drama,110,8700000,100000000
Ishkq In Paris,Holiday,No,No,love_story,400,28075000,210000000
Needar - The Fearless,Normal,No,No,drama,10,475000,5000000
Om Shanti - Fight For Peace,Normal,No,No,drama,2,72000,1500000
Shahrukh Bola Kubsoorat Hai Tu,Holiday,No,No,comedy,90,600000,35000000
Mere Gharib Nawaz,Holiday,No,No,drama,3,145000,7500000
Sunsaan Mahal,Normal,No,No,horror,1,1300000,1500000
What's Your Raashee,Holiday,No,No,rom__com,725,174618750,320000000
Pyaar Impossible!,Normal,No,No,rom__com,425,89545000,140000000
Fashion,Holiday,No,No,drama,750,392945000,200000000
Mary Kom,Holiday,No,No,drama,1900,861917500,380000000
Jai Gangaajal,Holiday,No,Yes,drama,2500,495925000,330000000
7 Khoon Maaf,Holiday,No,No,thriller,975,300700000,250000000
Koi Mere Dil Mein Hai,Normal,No,No,love_story,50,4700000,35000000
Utthaan,Normal,No,No,drama,25,1200000,30000000
Sanam Re,Holiday,No,No,love_story,2000,314550000,270000000
Fukrey,Normal,No,No,comedy,1000,490175000,190000000
Fukrey Returns,Normal,No,Yes,comedy,1500,1122805000,290000000
Bittoo Boss,Holiday,No,No,love_story,675,27200000,100000000
O Teri,Holiday,No,No,comedy,900,48200000,150000000
Junooniyat,Normal,No,No,love_story,800,51300000,120000000
Satya 2,Holiday,No,Yes,thriller,750,28400000,140000000
Turning 30!!!,Holiday,No,No,drama,175,16300000,70000000
Jal,Normal,No,No,drama,275,7000000,60000000
Kaun Ho Sakta Hai?,Normal,No,No,suspense,4,35000,3000000
Hide & Seek,Normal,No,No,thriller,275,6400000,40000000
Tahaan,Normal,No,No,drama,100,4800000,30000000
Meinu Ek Ladki Chaahiye,Normal,No,No,comedy,125,1550000,20000000
Huff! It's Too Much,Holiday,No,No,rom__com,25,400000,35000000
Tanu Weds Manu,Holiday,No,No,love_story,850,564135000,210000000
Tanu Weds Manu Returns,Normal,No,Yes,rom__com,2150,2436435000,390000000
Jodi Breakers,Normal,No,No,comedy,1000,146467500,210000000
Ramji Londonwaley,Normal,Yes,No,comedy,115,29525000,40000000
Sachin - A Billion Dreams,Normal,No,No,documentary,1950,649515000,390000000
13B,Holiday,Yes,No,horror,550,100960000,120000000
Julie 2,Holiday,No,Yes,thriller,1000,33100000,85000000
Parched,Normal,No,No,drama,275,120300000,240000000
Phobia,Normal,No,No,horror,625,52900000,85000000
Mumbhai Connection,Normal,No,No,drama,2,32500,20000000
Le Gaya Saddam,Holiday,No,No,drama,30,700000,15000000
Azaan - The Awakening Call,Holiday,No,No,drama,10,175000,4500000
Chal Pichchur Banate Hain,Normal,No,No,drama,90,2000000,35000000
Mumbai Aadhi Raat Mein,Normal,No,No,adult,2,72500,2500000
Yeh Hai U Turn,Normal,No,No,adult,2,650000,1500000
Mastram,Holiday,No,No,drama,800,47100000,60000000
The Japanese Wife,Normal,No,No,drama,30,5000000,15000000
Kucch Luv Jaisa,Normal,No,No,drama,400,37500000,100000000
Chain Kulii Ki Main Kulii,Normal,No,No,comedy,130,15600000,40000000
Pyaar Ke Side Effects,Normal,No,No,comedy,225,121890000,65000000
Shaurya,Normal,Yes,No,drama,175,32400000,45000000
White Noise,Holiday,No,No,drama,8,2450000,10000000
Dil Kabaddi,Normal,No,No,comedy,325,52700000,100000000
Raqeeb,Normal,No,No,thriller,190,17822500,62500000
Fireflies,Normal,No,No,drama,65,900000,17500000
My Friend Ganesha 3,Normal,No,Yes,animation,50,2300000,32500000
Crime Partner,Normal,No,No,thriller,1,1750000,8500000
Meri Aashiqui,Normal,No,No,drama,10,2700000,6000000
Naughty Boy,Normal,No,No,comedy,70,6700000,17500000
Phir Tauba Tauba,Holiday,No,Yes,comedy,60,3000000,20000000
Don't Break My Heart - Her Story,Holiday,No,No,drama,10,155000,6000000
Kachchi Sadak,Normal,No,No,action,20,2525000,17500000
Thore - Keep Distance,Normal,No,No,action,10,225000,2500000
Haseena,Normal,No,No,thriller,5,675000,15000000
Hot Mashooka - A Dangerous Lover,Normal,No,No,drama,15,3300000,6000000
Kaamguru,Normal,No,No,adult,2,450000,1500000
Mastani Bhabhi,Normal,No,No,adult,1,800000,1500000
The Waiting Room,Normal,No,No,suspense,5,50000,10000000
Antardwand,Normal,No,No,drama,115,2650000,40000000
Yeh Khula Aasman,Normal,No,No,drama,100,3700000,27500000
Eight - Shani,Holiday,No,No,thriller,20,900000,25000000
13 May Gulabi Nagar,Holiday,No,No,action,4,165000,3000000
Take It Easy,Holiday,No,No,drama,350,5100000,22500000
Jai Jagdambey Maa,Holiday,No,No,mythological,3,130000,2000000
Ashok Chakra Tribute To Real Heroes,Normal,No,No,drama,25,450000,12500000
Dhamkee - The Extortion,Normal,No,No,drama,20,1850000,9000000
...And Once Again,Holiday,No,No,drama,35,700000,25000000
Siddharth - The Prisoner,Normal,No,No,drama,40,1075000,17500000
Raat Gayi Baat Gayi,Holiday,No,No,drama,150,9500000,60000000
I Am 24,Normal,No,No,comedy,75,3100000,42500000
10ml Love,Normal,No,No,rom__com,25,690000,12500000
Phas Gaye Re Obama,Normal,No,No,comedy,200,39600000,62500000
Who's There? Kaun Hai Wah?,Normal,No,No,suspense,150,2900000,17500000
Table No. 21,Normal,No,No,thriller,850,177950000,85000000
Ishq Actually,Normal,No,No,love_story,350,5200000,35000000
Shaitan,Normal,No,No,thriller,575,112500000,120000000
Samrat & Co.,Normal,No,No,suspense,625,21300000,150000000
Soundtrack,Normal,No,No,drama,225,8500000,55000000
Aamir,Normal,No,No,thriller,150,32600000,35000000
Tera Pati Mera Pyar,Normal,No,No,adult,1,1025000,3000000
Radha Ne Mala Japi Shyam Ki,Normal,No,No,drama,1,72500,1500000
Quick Gun Murugun,Normal,No,No,comedy,250,25700000,60000000
Hair Is Falling,Normal,No,No,drama,20,140000,6000000
Do Dilon Ke Khel Mein,Normal,No,No,love_story,15,190000,12500000
Riyasat,Normal,No,No,drama,30,425000,5000000
Kaashh....Mere Hote,Normal,No,No,love_story,60,1450000,35000000
Wafaa,Normal,No,No,drama,55,4800000,20000000
Men Will Be Men,Holiday,No,No,drama,30,1625000,15000000
Jai Mahalaxmi,Normal,No,No,mythological,5,75000,2500000
Jism Farosh,Normal,No,No,drama,1,1450000,2000000
Namkeen,Normal,No,No,adult,1,575000,1500000
The Night Of The Interview,Normal,No,No,thriller,30,1200000,12500000
Beehad - The Ravine,Holiday,No,No,action,150,11500000,20000000
The Unforgettable,Normal,No,No,drama,15,230000,8500000
Blue Oranges,Holiday,No,No,drama,15,250000,10000000
Kya Yahi Sach Hai,Holiday,No,No,drama,100,1525000,15000000
Behen Hogi Teri,Normal,No,No,comedy,750,30600000,130000000
Boyss Toh Boyss Hain,Normal,No,No,comedy,60,1250000,20000000
Love Sex Aur Dhokha,Normal,No,No,adult,525,115200000,45000000
Citylights,Normal,No,No,drama,450,89900000,90000000
Ragini MMS,Normal,No,No,horror,650,146800000,60000000
Shaadi Mein Zaroor Aana,Normal,No,No,rom__com,975,194700000,130000000
Trapped,Normal,No,No,thriller,300,35300000,50000000
Be Careful,Normal,No,No,comedy,275,4375000,27500000
Phhir,Holiday,No,No,suspense,550,24800000,60000000
Spark,Holiday,No,No,action,300,1800000,50000000
1920,Holiday,No,No,horror,525,145000000,70000000
Undertrial,Holiday,No,No,drama,60,4600000,20000000
Main Meri Patni Aur Woh,Holiday,No,No,comedy,100,33700000,25000000
Rama Rama Kya Hai Drama,Normal,No,No,comedy,375,28200000,80000000
Hello Hum Lallann Bol Rahe Hain,Normal,No,No,comedy,20,700000,17500000
Ata Pata Laapata,Holiday,No,No,comedy,125,4217500,110000000
Hai Golmaal In White House,Normal,No,No,comedy,4,275000,4000000
Kushti,Normal,Yes,No,comedy,200,5425000,60000000
Ladies Tailor,Normal,No,No,comedy,25,5300000,25000000
Masti Express,Holiday,No,No,drama,125,8200000,22500000
Kaisay Kahein,Holiday,No,No,drama,45,1150000,17500000
Ruslaan,Normal,No,No,drama,20,315000,10000000
Ek Zakhm - The Blast,Normal,No,No,thriller,10,1775000,7500000
Jai Santoshi Maa,Holiday,No,No,mythological,110,3100000,42500000
Jaadu Sa Chal Gaya,Normal,No,No,love_story,6,500000,9000000
My Husband's Wife,Normal,No,No,drama,5,700000,6500000
Zanjeer,Holiday,Yes,No,action,2050,221475000,600000000
Victoria House,Normal,No,No,horror,3,245000,5500000
Besharam,Holiday,No,No,comedy,3400,951195000,830000000
Barfi!,Normal,No,No,drama,1250,1747380000,500000000
Jagga Jasoos,Normal,No,No,drama,1750,868572500,1310000000
Bombay Velvet,Normal,No,No,drama,2550,431365000,1180000000
Wake Up Sid,Holiday,No,No,drama,500,471075000,180000000
Yeh Jawaani Hai Deewani,Normal,No,No,love_story,2900,2956130000,750000000
Rockstar,Normal,No,No,drama,1950,1087017500,660000000
Tamasha,Normal,No,No,drama,2050,1366387500,870000000
Ae Dil Hai Mushkil,Holiday,No,No,love_story,2850,2295622500,980000000
Chillar Party,Normal,No,No,drama,325,55733750,57500000
Raajneeti,Normal,No,No,thriller,1750,1455040000,610000000
Ajab Prem Ki Ghazab Kahani,Normal,No,No,comedy,1300,997375000,440000000
Saawariya,Holiday,No,No,love_story,850,391330000,450000000
Rocket Singh: Salesman Of The Year,Normal,No,No,drama,800,336577500,160000000
Bachna Ae Haseeno,Holiday,No,No,rom__com,800,615725000,230000000
Anjaana Anjaani,Holiday,No,No,rom__com,1250,684875000,400000000
Roy,Holiday,No,No,thriller,2350,560215000,500000000
John Day,Holiday,No,No,thriller,525,21800000,90000000
Ru-Ba-Ru,Holiday,No,No,drama,125,5000000,55000000
Do Lafzon Ki Kahani,Normal,No,No,love_story,600,40900000,110000000
Highway,Holiday,No,No,drama,750,477065000,250000000
Mere Khwabon Mein Jo Aaye,Holiday,No,No,love_story,100,1875000,30000000
Karma Aur Holi,Holiday,No,No,drama,90,2350000,100000000
Main Aur Charles,Holiday,No,No,drama,900,81200000,100000000
Love Khichdi,Normal,No,No,rom__com,100,3650000,22500000
Laal Rang,Normal,No,No,drama,825,26800000,100000000
Murder 3,Holiday,No,Yes,thriller,1400,277525000,150000000
D,Normal,No,No,action,250,84961000,65000000
Risk,Normal,No,No,thriller,300,39800000,60000000
Bombay Talkies,Normal,No,No,drama,375,130900000,125000000
Laaga Chunari Mein Daag,Holiday,Yes,No,drama,750,366722500,200000000
Mardaani,Normal,No,No,thriller,1250,567190000,210000000
Aiyyaa,Normal,No,No,comedy,900,95850000,190000000
Toss,Normal,No,No,thriller,100,1950000,30000000
3:00 AM,Normal,No,No,horror,500,14900000,85000000
Befikre,Normal,No,No,rom__com,2150,1039875000,640000000
Gunday,Holiday,No,No,masala,2700,1198220000,510000000
Band Baaja Baaraat,Normal,No,No,rom__com,675,333000000,150000000
Ladies vs Ricky Bahl,Normal,No,No,drama,1150,494980000,200000000
Goliyon Ki Raasleela Ram - Leela,Holiday,No,No,love_story,3000,2014805000,880000000
Bajirao Mastani,Normal,No,No,drama,2700,3562025000,1450000000
Kill Dil,Normal,No,No,thriller,2300,521000000,400000000
Lootera,Normal,No,No,love_story,1050,464065000,320000000
Dil Dhadakne Do,Normal,No,No,drama,2300,1447987500,830000000
Mixed Doubles,Holiday,No,No,drama,50,19000000,20000000
Mithya,Holiday,No,No,comedy,200,71700000,40000000
Fatso,Holiday,No,No,rom__com,75,2200000,60000000
Kahani Ek Devi Ki...,Holiday,No,No,drama,5,250000,3000000
Kshay,Normal,No,No,drama,10,570000,1500000
Maatr,Normal,No,No,drama,650,16200000,85000000
Parveen Bobby,Holiday,No,No,adult,1,2100000,7000000
Sweet Love,Normal,No,No,drama,10,175000,2000000
World Cupp 2011,Normal,No,No,drama,85,1675000,15000000
Raja Bhai Lagey Raho,Holiday,No,No,comedy,12,2175000,5000000
Jeena Hai Toh Thok Daal,Normal,No,No,drama,325,6800000,40000000
Chitkabrey,Holiday,No,No,drama,150,1875000,42500000
Ek Baar Aao Na,Normal,No,No,adult,1,550000,1500000
Khwaja Mere Khwaja,Normal,No,No,mythological,10,350000,2500000
Ek Baar Maza Lijiye,Holiday,No,No,adult,2,350000,1000000
18.11 A Code Of Secrecy...!,Normal,No,No,thriller,80,600000,17500000
Jaana... Lets Fall In Love,Holiday,No,No,love_story,8,175000,20000000
Super Nani,Normal,No,No,drama,825,44100000,180000000
Detective Naani,Normal,No,No,drama,100,8400000,25000000
Swarg Aashram,Normal,No,No,drama,10,1025000,2000000
Tara - The Journey Of Love & Passion,Normal,No,No,drama,50,1200000,15000000
Teesra Shabd,Normal,No,No,drama,10,250000,5000000
Tamanchey,Holiday,No,No,love_story,825,18800000,100000000
Swaha,Normal,No,No,drama,35,600000,6000000
Jeena To Hai,Normal,No,No,thriller,10,1250000,6000000
Bolo Raam,Holiday,No,No,thriller,125,3050000,40000000
Love Ke Chakkar Mein...,Normal,No,No,rom__com,55,3450000,35000000
Do Dooni Chaar,Normal,No,No,comedy,325,57900000,60000000
Pyaar Mein Twist,Normal,No,No,rom__com,80,13200000,37500000
Chintuji,Normal,No,No,comedy,100,1200000,70000000
Patel Ki Punjabi Shaadi,Normal,No,No,comedy,725,25356250,110000000
Khushboo,Normal,No,No,love_story,80,1900000,25000000
Ishq Ke Parindey,Normal,No,No,love_story,150,4200000,32500000
Naari Teri Shakti Anokhi,Normal,No,No,drama,20,275000,2000000
De Taali,Normal,No,No,comedy,475,131047500,120000000
Dhamaal,Normal,No,No,comedy,800,507330000,190000000
Grand Masti,Holiday,No,Yes,comedy,2100,1305110000,340000000
Great Grand Masti,Normal,No,Yes,comedy,1700,202262500,390000000
Bangistan,Normal,No,No,comedy,700,83025000,290000000
Tere Naal Love Ho Gaya,Normal,No,No,rom__com,1200,306262500,140000000
Jaane Kahan Se Aayi Hai,Normal,No,No,fantasy,425,52500000,180000000
Malamaal Weekly,Normal,No,No,comedy,300,427680000,70000000
Apna Sapna Money Money,Normal,No,No,comedy,450,207325000,95000000
Aladin,Holiday,No,No,fantasy,600,108950000,420000000
Kal Kissne Dekha,Normal,No,No,comedy,475,82520000,210000000
Mahidpur 0 K.M.,Normal,No,No,drama,1,155000,1500000
Life Express,Normal,No,No,drama,45,650000,15000000
Calapor,Holiday,No,No,drama,75,1200000,25000000
A Strange Love Story,Normal,No,No,drama,90,2200000,27500000
Gippi,Normal,No,No,drama,375,57500000,60000000
Amdavad Junction,Normal,No,No,thriller,85,350000,5000000
Mittal Vs Mittal,Normal,No,No,drama,100,2600000,32500000
Hum Dum,Holiday,No,No,rom__com,30,5900000,10000000
2 Little Indians,Holiday,No,No,drama,2,600000,3500000
Ugly,Normal,No,No,drama,350,83400000,65000000
Udaan,Normal,No,No,drama,225,42805000,45000000
Chowrasta - Crossroads Of Love,Normal,No,No,drama,35,1275000,20000000
I Don't Luv U,Normal,No,No,love_story,200,7000000,20000000
MP3 - Mera Pehla Pehla Pyaar,Normal,No,No,love_story,90,12600000,45000000
Teree Sang,Normal,No,No,love_story,300,26900000,80000000
Saala Khadoos,Normal,No,No,drama,700,149500000,200000000
Chand Ke Paar Chalo,Normal,No,No,love_story,30,2900000,27500000
Mumbai Mirror,Holiday,No,No,action,950,25800000,180000000
Jackpot,Normal,No,No,thriller,1200,59200000,270000000
Aazaan,Normal,No,No,action,675,26300000,330000000
Jaana Pehchana,Normal,No,No,drama,1,250000,15000000
Chhodo Kal Ki Baatein,Holiday,No,No,drama,50,750000,20000000
Bose - The Forgotten Hero,Normal,No,No,drama,45,12500000,40000000
Mobile Phone,Normal,No,No,drama,7,1375000,7000000
Sab Kuch Nahin Kuch Bhi Nahin,Holiday,No,No,drama,7,160000,7000000
Siyasat - The Politics,Holiday,No,No,drama,1,475000,4000000
The Hero - Abhimanyu,Normal,No,No,action,10,300000,12500000
Babloo Happy Hai,Normal,No,No,love_story,275,3000000,45000000
Ramaa - The Saviour,Normal,No,No,fantasy,95,1400000,77500000
Double Cross - Ek Dhoka,Holiday,No,No,drama,55,8756550,17500000
Love Express,Normal,No,No,comedy,150,2900000,50000000
Anna Ka Andolan,Normal,No,No,drama,1,230000,1500000
M.A.D - Mad About Dance,Normal,No,No,drama,150,2700000,37500000
Race,Holiday,No,No,thriller,1300,1034500000,460000000
Race 2,Holiday,No,Yes,thriller,3200,1615375000,940000000
Being Cyrus,Normal,No,No,drama,80,64212500,40000000
Cocktail,Normal,No,No,rom__com,1600,1252347500,530000000
Love Aaj Kal,Normal,No,No,rom__com,1350,1195175000,560000000
Phantom,Holiday,No,No,action,2600,844400000,720000000
Thoda Pyaar Thoda Magic,Normal,No,No,drama,750,372530000,230000000
Sanam Teri Kasam,Normal,No,No,love_story,10,725000,25000000
Parineeta,Normal,No,No,drama,325,326325000,170000000
Aarakshan,Holiday,No,No,drama,1500,645292500,530000000
Go Goa Gone,Normal,No,No,comedy,1100,384250000,190000000
Happy Ending,Holiday,No,No,rom__com,1650,380055000,570000000
Chef,Holiday,Yes,No,drama,1550,105495000,310000000
Kurbaan,Normal,No,No,thriller,1250,429865000,500000000
Humshakals,Normal,No,No,comedy,2800,870200000,640000000
Salaam Namaste,Normal,No,No,rom__com,325,572300000,110000000
Ta Ra Rum Pum,Normal,No,No,drama,725,691450000,300000000
Agent Vinod,Holiday,No,No,thriller,2200,730050000,600000000
Bullet Raja,Normal,No,No,action,2150,538825000,520000000
Yeh Ishq.....Nahin,Normal,No,No,drama,3,200000,4500000
Life Mein Hungama Hai,Normal,No,No,comedy,5,250000,10000000
Software Hardware Kya Yaaron,Normal,No,No,comedy,12,175000,3000000
Laal Kranti,Normal,No,No,action,2,75000,2500000
Petrol,Holiday,No,No,action,1,2700000,3500000
Dabangg,Holiday,No,No,action,1900,2192700000,410000000
Sultan,Holiday,No,No,masala,4350,5772875000,1450000000
Tiger Zinda Hai,Holiday,No,Yes,action,4600,5651020000,2100000000
Ready,Normal,Yes,No,comedy,2300,1833987500,610000000
Veer,Normal,No,No,action,1600,611400000,630000000
Dabangg 2,Holiday,No,Yes,action,3400,2492350000,840000000
Maine Pyaar Kyun Kiya?,Normal,No,No,comedy,450,472225000,150000000
Partner,Normal,Yes,No,comedy,1100,1009115000,280000000
Shaadi Karke Phas Gaya Yaar,Normal,No,No,rom__com,200,50250000,110000000
Ek Tha Tiger,Holiday,No,No,action,3200,3083150000,920000000
Bajrangi Bhaijaan,Holiday,No,No,masala,4100,6039940000,1250000000
Tubelight,Holiday,Yes,No,drama,4400,2079900000,1350000000
Salaam-E-Ishq,Holiday,Yes,No,love_story,900,522400000,430000000
Wanted,Holiday,Yes,No,action,1400,932300000,520000000
Main Aurr Mrs. Khanna,Holiday,No,No,rom__com,750,146137500,380000000
Kyon Ki,Holiday,Yes,No,love_story,475,231540000,210000000
Baabul,Normal,No,No,drama,675,395745000,260000000
God Tussi Great Ho,Holiday,No,No,comedy,775,206112500,210000000
Saawan... The Love Season,Normal,No,No,love_story,275,59168750,50000000
Kick,Holiday,Yes,No,action,3800,3518000000,1400000000
Bodyguard,Holiday,Yes,No,action,2750,2343900000,700000000
Jai Ho,Holiday,No,No,action,3700,1862120000,1020000000
Prem Ratan Dhan Payo,Holiday,No,No,drama,4200,3654575000,1800000000
Yuvvraaj,Holiday,No,No,drama,1100,312200000,480000000
Lucky - No Time for Love,Normal,No,No,love_story,400,278150000,140000000
London Dreams,Holiday,No,No,drama,1450,413180000,630000000
Marigold,Holiday,No,No,rom__com,160,22950000,190000000
Riwayat,Normal,No,No,drama,35,475000,35000000
Bas Ek Tamanna,Holiday,No,No,drama,5,70000,12500000
Mukhbiir,Normal,No,No,drama,75,2225000,37500000
Love Kaa Tadka,Normal,No,No,rom__com,3,70000,6500000
Game,Holiday,Yes,No,thriller,1100,128792500,340000000
Nigehbaan - The Third Eye,Normal,No,No,drama,50,4600000,12500000
Rafta Rafta - The Speed,Holiday,No,No,drama,45,4000000,30000000
Madhubaala,Normal,No,No,drama,35,4900000,20000000
Main Hoon Kharidaar,Normal,No,No,adult,1,725000,2000000
Krantiveer - The Revolution,Holiday,No,No,drama,350,7100000,80000000
Chand Sa Roshan Chehra,Holiday,No,No,love_story,60,5252500,15000000
Bold,Holiday,No,No,drama,40,7466750,7500000
Ek Se Mera Kya Hoga,Normal,No,No,adult,12,2275000,6500000
31st Night,Holiday,No,No,drama,1,36000,2000000
Veerappan,Normal,No,No,drama,1200,90300000,140000000
Bandaa,Normal,No,No,drama,1,70000,3500000
The Great Indian Butterfly,Holiday,No,No,drama,60,1025000,25000000
Valentines's Night,Normal,No,No,thriller,70,1325000,12500000
Mehbooba,Normal,No,No,love_story,425,37850000,220000000
Nehlle Pe Dehlla,Holiday,No,No,comedy,300,64100000,70000000
Chatur Singh Two Star,Holiday,No,No,comedy,700,31700000,230000000
Zilla Ghaziabad,Holiday,No,No,action,1700,222620000,360000000
Dus,Holiday,No,No,action,525,388370000,220000000
Tathastu,Holiday,No,No,drama,250,32632500,110000000
Double Dhamaal,Normal,No,Yes,comedy,1800,705450000,290000000
Policegiri,Normal,Yes,No,action,1550,202800000,300000000
Shabd,Normal,No,No,drama,250,107012500,95000000
Knock Out,Holiday,No,No,thriller,800,89425000,300000000
Bhoomi,Normal,No,No,drama,2000,153775000,310000000
Lamhaa,Normal,No,No,thriller,1000,115800000,250000000
Lage Raho Munnabhai,Normal,No,Yes,drama,600,1262000000,190000000
Department,Normal,No,No,action,1500,190550000,320000000
Sarhad Paar,Normal,No,No,drama,80,9600000,130000000
Zinda,Holiday,No,No,thriller,400,176802500,130000000
EMI,Normal,No,No,comedy,550,81575000,170000000
Luck,Normal,No,No,thriller,1150,335800000,370000000
Unns,Normal,No,No,drama,7,300000,17500000
Sauda - The Deal,Holiday,No,No,drama,90,16110000,25000000
Kiska Hai Intezaar,Holiday,No,No,love_story,1,80000,1500000
Manthan Ek Kashmakash,Holiday,No,No,thriller,30,1175000,10000000
Saare Jahaan Se Mehnga,Holiday,No,No,comedy,325,8300000,50000000
Ankhon Dekhi,Normal,No,No,drama,150,11100000,47500000
Pyaar Ka Live Show,Holiday,No,No,drama,2,65000,1500000
Anubhav,Normal,No,No,drama,85,2275000,20000000
Jai Singh Are Baap Re,Normal,No,No,drama,4,150000,1500000
The Adventure Of Haunted House,Normal,No,No,horror,25,3700000,5000000
Warning,Normal,No,No,thriller,450,34500000,100000000
Premsutra,Normal,No,No,adult,1,875000,1500000
Khooni,Normal,No,No,horror,1,2100000,2500000
Angoor,Holiday,No,No,adult,5,3600000,2500000
Kachchi Kali,Normal,No,No,adult,1,1525000,1500000
Darinda,Normal,No,No,horror,1,1775000,2000000
Free Entry,Normal,No,No,adult,2,2150000,2500000
No Parking,Normal,No,No,adult,1,1075000,1500000
Gabbar Singh,Holiday,No,No,action,10,2200000,3000000
Munnibai B.A. B. Com,Holiday,No,No,adult,1,1100000,1000000
Hawaa Hawaai,Holiday,No,No,drama,625,113600000,110000000
Mere Dad Ki Maruti,Normal,No,No,comedy,825,149400000,110000000
Mujhse Fraaandship Karoge,Normal,No,No,rom__com,500,67200000,90000000
Angry Indian Goddesses,Normal,No,No,drama,375,29200000,90000000
Jai Jagannath,Holiday,No,No,mythological,10,450000,40000000
Sacred Evil - A True Story,Normal,No,No,drama,25,1225000,25000000
Hari Puttar - A Comedy Of  Terrors,Holiday,No,No,comedy,200,24100000,125000000
Gangoobai,Holiday,No,No,drama,10,145000,12500000
Soch Lo,Normal,No,No,suspense,20,180000,20000000
Hum Phirr Milein Na Milein,Normal,No,No,love_story,35,600000,9000000
Meri Padosan,Normal,No,No,comedy,60,3350000,22500000
Manjunath,Holiday,No,No,drama,175,4550000,55000000
2 Piece,Normal,No,No,adult,2,1500000,1500000
Ab Hoga Dharna Unlimited,Holiday,No,No,comedy,10,510000,15000000
Wounded,Normal,No,No,drama,30,2800000,12500000
Ankush - The Command,Normal,No,No,drama,4,325000,7000000
Dhoom Dadakka,Normal,No,No,comedy,250,14100000,50000000
The Unsound,Normal,No,No,thriller,25,900000,10000000
Filmistaan,Normal,No,No,comedy,450,99940000,75000000
Operation Mumbai,Holiday,No,No,action,1,650000,8000000
15 Park Avenue,Normal,No,No,drama,50,24500000,25000000
Chalk N Duster,Holiday,No,No,drama,450,22200000,120000000
Loins Of Punjab Presents,Normal,No,No,comedy,70,19800000,25000000
A Decent Arrangement,Normal,No,No,drama,12,275000,20000000
Sandcastle,Holiday,No,No,drama,15,67500,5000000
Dil Bole Hadippa,Holiday,No,No,rom__com,950,461200000,280000000
Kismat Konnection,Normal,Yes,No,rom__com,850,385847500,270000000
Jab We Met,Holiday,No,No,rom__com,475,509380000,150000000
Chance Pe Dance,Normal,No,No,rom__com,800,163027500,290000000
Teri Meri Kahaani,Normal,No,No,love_story,1450,544800000,410000000
Vaah! Life Ho Toh Aisi!,Holiday,No,No,comedy,325,91723750,130000000
Paathshaala,Normal,No,No,drama,500,171967500,140000000
Mausam,Normal,No,No,love_story,1750,536765000,490000000
Badmaash Company,Holiday,No,No,drama,1100,484600000,290000000
R... Rajkumar,Normal,No,No,action,2350,995735000,580000000
Chup Chup Ke,Normal,No,No,comedy,350,255800000,120000000
Phata Poster Nikhla Hero,Normal,No,No,comedy,1900,633060000,470000000
Milenge Milenge,Normal,No,No,love_story,775,126225000,120000000
Vivah,Normal,No,No,drama,200,495600000,80000000
Shaandaar,Holiday,No,No,rom__com,2500,757000000,690000000
Kaminey,Holiday,No,No,drama,1250,715650000,400000000
Haider,Holiday,No,No,drama,1250,791667500,480000000
Rangoon,Holiday,No,No,drama,2100,405012500,610000000
Tu Bewafa Hai,Holiday,No,No,adult,10,1100000,2500000
Dekha Jo Pehli Baar,Normal,No,No,love_story,20,340000,15000000
Rab Ne Bana Di Jodi,Normal,No,No,love_story,1350,1574175000,390000000
Paheli,Normal,No,No,drama,350,324535000,140000000
Ra.One,Holiday,No,No,action,2900,2073862500,1300000000
Om Shanti Om,Holiday,No,No,masala,1200,1498725000,400000000
Happy New Year,Holiday,No,No,masala,3850,3427610000,1500000000
Don - The Chase Begins Again,Holiday,No,Yes,action,850,1063440000,380000000
Don 2,Holiday,No,Yes,action,2850,2028100000,760000000
Jab Harry Met Sejal,Holiday,No,No,rom__com,3200,1477580000,1190000000
Kabhi Alvida Na Kehna,Normal,No,No,drama,800,1119240000,480000000
My Name Is Khan,Holiday,No,No,drama,1650,1931450000,850000000
Fan,Holiday,No,No,thriller,3450,1849330000,1200000000
Raees,Holiday,No,No,action,3400,2725200000,1270000000
Chennai Express,Holiday,No,No,masala,3600,3959242500,1150000000
Dilwale,Normal,No,No,masala,3150,3722315000,1650000000
Chak De India,Normal,No,No,drama,500,1018170000,220000000
Jab Tak Hai Jaan,Holiday,No,No,love_story,2450,2102642500,780000000
Us Disha Mein,Normal,No,No,horror,1,300000,2500000
Garam Padosan,Normal,No,No,adult,1,1325000,1200000
From Sydney With Love,Normal,No,No,comedy,175,3300000,100000000
Ek Pal Pyar Ka,Holiday,No,No,drama,3,250000,4000000
3 Bachelors,Normal,No,No,comedy,70,2100000,40000000
War... Chhod Na Yaar,Holiday,No,No,comedy,750,86944500,170000000
Allah Ke Banday,Normal,No,No,action,300,10000000,90000000
Toh Baat Pakki,Holiday,No,No,comedy,575,45700000,110000000
Sorry Bhai!,Normal,No,No,rom__com,250,19400000,90000000
Ferrari Ki Sawaari,Normal,No,No,drama,875,484500000,200000000
Gang Of Ghosts,Normal,No,No,comedy,900,27930000,160000000
1920 London,Holiday,No,Yes,horror,1300,226782500,210000000
Wajah Tum Ho,Normal,No,No,thriller,2000,135700000,140000000
Life Goes On,Normal,No,No,drama,10,500000,17500000
2 Chehare,Normal,No,No,action,2,175000,20000000
Love Aur Sex,Holiday,No,No,adult,2,3100000,5000000
99.9 FM,Normal,No,No,thriller,5,120000,4000000
Mallika,Normal,No,No,horror,325,10300000,35000000
Chehra - The Unknown Mask,Normal,No,No,suspense,80,3050000,8000000
Red Swastik,Normal,No,No,thriller,50,8200000,22500000
Sanak - The Deadly Passion,Holiday,No,No,thriller,1,325000,3500000
Khamoshh... Khauff Ki Raat,Holiday,No,No,thriller,110,10400000,45000000
Hijack,Normal,No,No,action,375,34050000,90000000
Woh Lamhe,Holiday,No,No,drama,275,95600000,77500000
Ghost,Holiday,No,No,horror,800,94400000,90000000
Kal - Yesterday & Tomorrow,Normal,No,No,drama,35,3500000,10000000
Hazaaron Khwaishein Aisi,Holiday,No,No,drama,35,6900000,27500000
Khoya Khoya Chand,Normal,No,No,drama,150,29467250,55000000
Sins,Normal,No,No,drama,50,23800000,12500000
Kis Hudh Tak...,Holiday,No,No,thriller,2,525000,7000000
Karle Pyaar Karle,Normal,No,No,love_story,1100,19100000,260000000
Ek Haseena Thi Ek Deewana Tha,Normal,No,No,love_story,725,16700000,140000000
Haseena Parkar,Normal,No,No,drama,1150,90675000,180000000
Luv Ka The End,Holiday,No,No,drama,450,79200000,85000000
Pratyavartan - The Homecoming,Normal,No,No,drama,15,500000,9000000
Will You Marry Me?,Normal,No,No,comedy,325,7400000,60000000
Aagey Se Right,Normal,No,No,comedy,375,42100000,60000000
Teen Thay Bhai,Holiday,No,No,comedy,500,33700000,110000000
Iqbal,Holiday,No,No,drama,70,56068750,22500000
Bombay To Bangkok,Normal,No,No,comedy,175,27200000,70000000
Paying Guests,Normal,No,No,comedy,450,76600000,110000000
Kamaal Dhamaal Malamaal,Normal,No,No,comedy,950,90000000,320000000
Click,Holiday,No,No,horror,350,16200000,75000000
Welcome to Sajjanpur,Normal,No,No,drama,450,136000000,90000000
Aasma - The Sky Is the Limit,Holiday,No,No,drama,15,200000,12500000
Shakal Pe Mat Ja,Normal,No,No,comedy,275,6900000,40000000
Nakshatra,Normal,No,No,thriller,200,2650000,47500000
Raqt,Normal,No,No,drama,200,2900000,25000000
Raat Abhi Baaki Hai,Holiday,No,No,suspense,5,140000,3000000
Striker,Holiday,No,No,drama,200,12300000,110000000
Stand By,Holiday,No,No,drama,250,2075000,45000000
Kuku Mathur Ki Jhand Ho Gayi,Normal,No,No,comedy,600,19400000,65000000
Anwar,Holiday,No,No,drama,25,1200000,30000000
Tutiya Dil,Holiday,No,No,love_story,20,525000,15000000
A Gentleman - Sundar Susheel Risky,Holiday,No,No,action,1900,334900000,670000000
Ek Villain,Holiday,No,No,thriller,2500,1531800000,390000000
Baar Baar Dekho,Normal,No,No,drama,1950,626710000,530000000
Kapoor & Sons,Normal,No,No,drama,1500,1432855000,380000000
Hasee Toh Phasee,Normal,No,No,rom__com,1300,617420000,260000000
Woodstock Villa,Normal,No,No,suspense,275,31200000,65000000
Summer 2007,Normal,No,No,thriller,125,6428250,45000000
Gumshuda,Normal,No,No,drama,40,280000,12500000
Aaj Ka Neta,Normal,No,No,action,2,500000,5000000
Beda Paar Karte Bhagwan Amarnath,Normal,No,No,mythological,10,2250000,2000000
Malika - The Fire,Holiday,No,No,adult,1,575000,1500000
Chaurahen,Normal,No,No,drama,10,325000,20000000
Aryan,Normal,No,No,drama,125,13400000,70000000
Team - The Force,Normal,No,No,comedy,325,21900000,80000000
Hello,Normal,No,No,love_story,650,179600000,140000000
Heroes,Normal,No,No,drama,725,254400000,180000000
Little Zizou,Normal,No,No,comedy,50,16300000,27500000
Akira,Holiday,Yes,No,action,2400,438730000,320000000
Noor,Normal,No,No,drama,1450,118452500,240000000
Via Darjeeling,Normal,No,No,thriller,75,2600000,15000000
Shraddha - In  The Name Of God,Normal,No,No,drama,20,275000,4000000
The Camp,Normal,No,No,drama,35,275000,12500000
Dolly Ki Doli,Holiday,No,No,comedy,1150,188337500,210000000
Aisha,Normal,No,No,rom__com,625,255262500,180000000
Neerja,Holiday,No,No,drama,1000,1187190000,280000000
Item Girl,Normal,No,No,adult,2,600000,1500000
Ek Vivaah... Aisa Bhi,Normal,No,No,love_story,100,24887500,35000000
Hero,Normal,No,No,love_story,2100,481812500,360000000
English Vinglish,Normal,No,No,drama,700,785625000,260000000
Mom,Normal,No,No,drama,1200,565740000,370000000
Madholal Keep Walking,Normal,No,No,drama,50,475000,12500000
Mission - The Last War,Normal,No,No,action,5,325000,8500000
Garma Garam,Holiday,No,No,drama,10,2100000,4000000
Phoonk 2,Normal,No,Yes,horror,675,92400000,80000000
Phoonk,Holiday,No,No,horror,400,136200000,45000000
Unlimited Nasha,Normal,No,No,drama,20,3700000,8000000
Manoranjan - The Entertainment,Normal,No,No,comedy,6,275000,12500000
Dhara,Normal,No,No,drama,5,14000,12500000
Love Recipe,Normal,No,No,comedy,100,2200000,20000000
Kuch Kariye,Normal,No,No,drama,40,675000,32500000
Khudi Ko Kar Buland Itna,Normal,No,No,drama,20,300000,10000000
Devaki,Normal,No,No,drama,15,350000,12500000
Maazii,Normal,No,No,thriller,70,925000,17500000
Desi Kattey,Normal,No,No,action,1150,25200000,120000000
Red Alert - The War Within,Normal,No,No,drama,400,19300000,100000000
One Two Three,Normal,No,No,comedy,575,273600000,140000000
Mr. White Mr. Black,Normal,No,No,comedy,450,38900000,110000000
Barood - The Fire A Love Story,Normal,No,No,action,25,4000000,40000000
Daddy Cool - Join The Fun,Normal,No,No,comedy,525,63730000,130000000
Padmashree Laloo Prasad Yadav,Normal,No,No,comedy,150,24283000,65000000
Mere Dost Picture Abhi Baaki Hai,Normal,No,No,comedy,50,2500000,52500000
Coffee With D,Normal,No,No,comedy,650,7200000,80000000
Money Back Guarantee,Holiday,No,No,comedy,50,1375000,10000000
Fool N Final,Normal,No,No,comedy,850,276200000,260000000
Kaafila,Normal,No,No,action,270,40465000,170000000
Apne,Normal,No,No,drama,625,392825000,200000000
Singh Saab The Great,Holiday,No,No,action,2000,328987500,420000000
Fox,Normal,No,No,thriller,475,39200000,200000000
Big Brother,Holiday,No,No,action,290,70900000,80000000
Teesri Aankh - The Hidden Camera,Normal,No,No,thriller,400,66030000,125000000
Khuda Kasam,Normal,No,No,action,125,10400000,90000000
Right Yaa Wrong,Normal,No,No,thriller,600,35000000,220000000
I Love NY,Normal,No,No,rom__com,500,16200000,160000000
Jo Bole So Nihaal,Normal,No,No,comedy,400,148162500,150000000
Yamla Pagla Deewana,Holiday,No,No,comedy,1550,887250000,290000000
Yamla Pagla Deewana 2,Normal,No,Yes,comedy,2000,483500000,460000000
Poster Boys,Normal,No,No,comedy,1300,170881250,270000000
Ghayal Once Again,Normal,No,Yes,action,2300,453563750,500000000
Jo Hum Chahein,Normal,No,No,love_story,300,3900000,85000000
Ragini MMS 2,Normal,No,Yes,horror,2300,632945000,190000000
Ek Paheli Leela,Normal,No,No,love_story,2000,255620000,230000000
Kuch Kuch Locha Hai,Holiday,No,No,comedy,1250,35100000,150000000
One Night Stand,Holiday,No,No,thriller,1050,48000000,170000000
Jism 2,Holiday,No,Yes,thriller,1700,492575000,130000000
Neighbours,Holiday,No,No,horror,225,5900000,17500000
Khichdi The Movie,Holiday,Yes,No,comedy,400,81700000,45000000
Yahi To Pyar Hai,Holiday,No,No,drama,8,185000,1500000
Rakht Charitra 2,Normal,No,Yes,action,650,34400000,190000000
Hate Story 2,Normal,No,Yes,thriller,1800,310700000,150000000
Lady Dabangg Aaj Bbhi,Holiday,No,No,action,5,450000,3000000
Hulla,Normal,No,No,comedy,100,1550000,15000000
Idiot Box,Normal,No,No,comedy,20,625000,12500000
Kai Po Che,Holiday,No,No,drama,900,721620000,300000000
Detective Byomkesh Bakshy,Holiday,No,Yes,thriller,1200,439520000,350000000
Raabta,Normal,No,No,love_story,1800,336986250,470000000
Shuddh Desi Romance,Holiday,No,No,rom__com,1050,751180000,250000000
M.S. Dhoni - The Untold Story,Holiday,No,No,drama,3900,1898272500,1100000000
Munni Metric Pass,Holiday,No,No,adult,10,8600000,3500000
Chingaari,Holiday,No,No,drama,150,18900000,50000000
Zindaggi Rocks,Holiday,No,No,drama,200,29187500,70000000
Crazy Cukkad Family,Normal,No,No,comedy,400,4400000,50000000
Nil Battey Sannatta,Normal,No,No,drama,300,58300000,75000000
Anaarkali Of Aaraah,Normal,No,No,drama,325,14800000,57500000
Listen... Amaya,Normal,No,No,drama,35,1550000,15000000
Machhali Jal Ki Rani Hai,Normal,No,No,horror,600,18100000,55000000
Tension Doooor,Holiday,No,No,drama,10,135000,7500000
Yeh Dil Ramta Jogi,Normal,No,No,drama,5,165000,5000000
Overtime,Holiday,No,No,drama,20,260000,20000000
Mastaani... Lost In A Crowd Of Two,Normal,No,No,drama,35,8043500,8000000
Akkad Bakkad Bambey Bo,Normal,No,No,drama,75,2000000,15000000
Kaalo,Holiday,No,No,horror,200,3025000,40000000
Naam Shabana,Normal,No,Yes,thriller,2000,559900000,330000000
Bhaggmati - The Queen Of Fortunes,Holiday,No,No,drama,25,500000,35000000
Luv U Soniyo,Normal,No,No,love_story,100,1700000,57500000
Purani Jeans,Normal,No,No,drama,625,18600000,110000000
Aadi Shakti,Holiday,No,No,drama,5,140000,5000000
Apartment,Normal,No,No,thriller,275,16600000,55000000
Ek Aur Sahaadat,Normal,No,No,drama,1,140000,1000000
Key Club,Holiday,No,No,drama,1,750000,7000000
Best Partner,Holiday,No,No,adult,5,3100000,2000000
Bhiga Badan,Normal,No,No,adult,2,1600000,1500000
Night Lover,Normal,No,No,adult,1,400000,1250000
Kaamwali,Holiday,No,No,adult,1,1150000,1250000
Ricksha Waali,Normal,No,No,adult,1,1325000,1500000
Doodhwali,Holiday,No,No,adult,1,2000000,1250000
Machhiwali,Holiday,No,No,adult,2,1700000,1250000
Barwali,Normal,No,No,adult,1,1725000,1000000
College Girl,Normal,No,No,adult,5,4100000,2000000
Gumnaam,Normal,No,No,drama,3,2100000,3000000
Suno Na... Ek Nanhi Aawaz,Normal,No,No,drama,25,270000,10000000
Hot Money,Normal,No,No,drama,18,2950000,8000000
Shrrameya - The Laborious,Normal,No,No,mythological,5,425000,2000000
Kaho Na Kaho,Normal,No,No,love_story,20,550000,2500000
Mission 11 July,Normal,No,No,drama,20,175000,15000000
Murder In Mumbai,Holiday,No,No,thriller,5,1250000,9000000
De De Ek Chumma De,Normal,No,No,adult,1,325000,1500000
Yeh Faasley,Normal,No,No,drama,225,3500000,65000000
Identity Card,Holiday,No,No,drama,50,825000,15000000
A Flying Jatt,Holiday,No,No,masala,2650,493368750,550000000
Heropanti,Normal,Yes,No,action,2200,726075000,250000000
Baaghi,Holiday,No,No,action,2750,1269662500,370000000
Munna Micheal,Normal,No,No,action,2900,515300000,410000000
Karoongi Tujhe Khallaas,Holiday,No,No,action,1,12000,1000000
Ab Tumhari Bari,Normal,No,No,horror,12,1775000,2000000
Ocean Of An Old Man,Normal,No,No,drama,7,145000,4000000
Hansa,Holiday,No,No,drama,15,270000,10000000
Matrubhoomi,Holiday,No,No,drama,35,2675000,22500000
Showbiz,Holiday,No,No,drama,100,5000000,42500000
Aggar,Holiday,No,No,thriller,260,12700000,70000000
Shor In The City,Holiday,No,No,drama,500,59200000,75000000
Kya Love Story Hai,Normal,No,No,rom__com,425,48750000,72500000
Mastizaade,Normal,No,No,comedy,1850,255960000,300000000
Dhol,Normal,Yes,No,comedy,650,232775000,140000000
Love U...Mr. Kalakaar!,Normal,No,No,love_story,325,24500000,120000000
C Kkompany,Normal,No,No,comedy,500,48300000,100000000
Kyaa Super Kool Hain Hum,Normal,No,Yes,comedy,1400,607725000,190000000
Hum Tum Shabana,Holiday,No,No,comedy,475,19200000,120000000
Chaar Din Ki Chandni,Normal,No,No,comedy,725,66200000,125000000
Kyaa Kool Hai Hum,Holiday,No,No,comedy,250,228500000,50000000
Bajatey Raho,Normal,No,No,comedy,875,84300000,150000000
Kyaa Kool Hain Hum 3,Normal,No,Yes,comedy,2050,331425000,260000000
Neal N Nikki,Normal,No,No,rom__com,200,107950000,70000000
Diary Of A Butterfly,Normal,No,No,drama,200,3600000,27500000
Ek Cheez Milegi Wonderful,Normal,No,No,drama,1,500000,1500000
Baap Jaroor Banunga,Normal,No,No,comedy,1,32500,500000
Naari Ek Khilona,Holiday,No,No,drama,1,875000,5500000
Lollypop,Holiday,No,No,adult,1,775000,1000000
Banaras - A Mystic Love Story,Normal,No,No,love_story,100,14295000,45000000
Naina,Holiday,No,No,horror,175,69400000,50000000
Katto,Normal,No,No,drama,20,165000,1500000
Dear Vs Bear,Normal,No,No,thriller,30,950000,4000000
Tere Pyaarr Mein Paapad,Normal,No,No,comedy,2,75000,2000000
Guardians Who Loved Us,Normal,No,No,love_story,50,475000,5000000
Jai Narmada Maiya,Normal,No,No,mythological,1,120000,1000000
Main Tera Hero,Normal,No,No,comedy,2400,784522500,410000000
Judwaa 2,Holiday,No,Yes,masala,3500,2066477500,630000000
Student Of The Year,Holiday,No,No,rom__com,1350,966690000,590000000
ABCD 2,Normal,No,Yes,drama,2500,1583195000,650000000
Humpty Sharma Ki Dulhania,Normal,No,No,rom__com,1950,1107600000,330000000
Badrinath Ki Dulhania,Holiday,No,Yes,love_story,2800,1948152500,440000000
Badlapur,Normal,No,No,thriller,1700,789020000,290000000
Eik Dasttak,Holiday,No,No,drama,20,375000,17500000
Hostel,Normal,No,No,drama,60,1700000,22500000
Mumbai 125 KM,Normal,No,No,horror,1000,24500000,110000000
Real Life Of Supermodel,Normal,No,No,suspense,500,8100000,50000000
Zindagi 50-50,Holiday,No,No,drama,350,8600000,35000000
Yaaraa,Normal,No,No,adult,5,425000,3500000
Aamras,Normal,No,No,drama,35,650000,17500000
Zubaan,Holiday,No,No,drama,350,5200000,80000000
Bow Barracks Forever,Holiday,No,No,drama,50,3750000,22500000
Ho Sakta Hai!,Normal,No,No,drama,25,800000,12500000
The Dirty Picture,Normal,No,No,drama,1600,1169997500,310000000
No One Killed Jessica,Normal,No,No,thriller,950,457235000,190000000
Bobby Jasoos,Normal,No,No,comedy,1250,202457500,260000000
Begum Jaan,Holiday,Yes,No,drama,1250,306190000,190000000
Kahaani,Normal,No,No,thriller,1100,917100000,200000000
Kahaani 2,Normal,No,Yes,thriller,1250,559400000,330000000
Tumhari Sulu,Normal,No,No,drama,1200,513900000,200000000
Commando 2,Normal,No,Yes,action,2200,300300000,260000000
Commando,Holiday,No,No,action,1500,269800000,170000000
Pyar Hawas Aur Dhokha,Normal,No,No,adult,5,625000,3500000
Mission Tigers,Normal,No,No,drama,25,250000,4000000
Journey Bombay To Goa,Normal,No,No,comedy,150,35100000,42500000
Kya Dilli Kya Lahore,Normal,No,No,drama,400,8900000,55000000
Don Ke Baad Kaun?,Holiday,No,No,action,10,625000,6500000
David,Normal,No,No,drama,575,52100000,350000000
Model - The Beauty,Holiday,No,No,drama,30,5300000,7000000
Mahiya - Call Of Love...,Normal,No,No,suspense,5,725000,10000000
Hope & A Little Sugar,Holiday,No,No,drama,60,1875000,22500000
Old Iss Gold,Normal,No,No,comedy,35,1675000,9000000
Trump Card,Normal,No,No,action,40,725000,10000000
Mumbai Godfather,Normal,No,No,action,20,2200000,10000000
Royal Utsav,Holiday,No,No,action,40,1800000,30000000
Challo Driver,Normal,No,No,comedy,50,1275000,30000000
Kool Nahi Hot Hain Hum,Holiday,No,No,comedy,6,425000,3000000
Pehla Aashiq Pehla Qatil,Holiday,No,No,adult,2,175000,1000000
Kaagaz Ke Fools,Normal,No,No,comedy,300,4800000,40000000
Tere Mere Phere,Holiday,No,No,comedy,225,7000000,47500000
Straight,Normal,No,No,comedy,125,14800000,42500000
Bheja Fry,Holiday,No,No,comedy,120,125800000,15000000
Bheja Fry 2,Normal,No,Yes,comedy,575,124900000,95000000
Pappu Can't Dance Saala,Normal,No,No,rom__com,275,6000000,85000000
Dasvidaniya,Normal,No,No,comedy,150,19700000,40000000
Chalo Dilli,Holiday,No,No,comedy,725,145132500,95000000
Oh. My God!!,Normal,No,No,comedy,150,5800000,35000000
Utt Pataang,Normal,No,No,comedy,225,5500000,55000000
Speedy Singhs,Normal,No,No,drama,450,34400000,350000000
Broken Horses,Normal,No,No,thriller,175,10130000,600000000
Queens! Destiny Of Dance,Holiday,No,No,drama,40,800000,20000000
Filmi Duniya,Normal,No,No,drama,5,425000,5000000
Koyelaanchal,Holiday,No,No,action,900,22900000,140000000
Fast Forward,Holiday,No,No,drama,40,525000,25000000
Gopa - The Freedom Fighter,Holiday,No,No,drama,1,400000,2500000
Gafla,Holiday,No,No,drama,25,1600000,12500000
Tum Hi To Ho,Normal,No,No,thriller,35,550000,10000000
Amit Sahni Ki List,Normal,No,No,rom__com,450,7600000,70000000
Gollu Aur Pappu,Holiday,No,No,comedy,15,65000,35000000
Mumbai Salsa,Holiday,No,No,drama,70,7900000,3500000
Sooper Se Ooper,Normal,No,No,comedy,100,1200000,20000000
Bacche Mann Ke Sacche,Holiday,No,No,drama,5,235000,2000000
Shootout At Lokhandwala,Normal,No,No,action,800,460430000,180000000
Mission Istaanbul,Normal,No,No,thriller,700,93425000,210000000
Pyare Mohan,Holiday,No,No,comedy,400,186100000,130000000
Prince,Normal,No,No,thriller,1200,289425000,370000000
Rakht Charitra,Holiday,No,No,action,775,112700000,190000000
Naksha,Normal,No,No,action,425,99250000,220000000
Kismet Love Paisa Dilli,Normal,No,No,rom__com,825,32700000,160000000
Kisna,Holiday,No,No,love_story,400,162950000,230000000
Home Delivery,Normal,No,No,rom__com,100,26450000,40000000
Jayantabhai Ki Love Story,Holiday,No,No,rom__com,700,39225000,145000000
Impatient Vivek,Normal,No,No,rom__com,125,1675000,22500000
Cocktail - The Deadly Combination,Holiday,No,No,drama,3,650000,6000000
Ishq Na Karna,Holiday,No,No,drama,5,500000,6500000
Ussey Kya Ho Jayega?,Holiday,No,No,drama,5,50000,2500000
Lagan - The Dedication,Normal,No,No,drama,2,7250,2500000
Jugatiya,Holiday,No,No,drama,2,115000,500000
Pyaar Kaa Funda,Holiday,No,No,love_story,10,70000,12500000
Ab To Sambhal,Normal,No,No,drama,2,300000,2000000
Memsahab,Normal,No,No,drama,20,1875000,17500000
Secret Superstar,Holiday,No,No,drama,1750,1225350000,450000000
Satrangee Parachute,Holiday,No,No,drama,150,1225000,20000000
Aksar 2,Normal,No,Yes,thriller,1300,63600000,90000000
Hate Story 3,Normal,No,Yes,thriller,2600,622125000,200000000
Sharafat Gayi Tel Lene,Normal,No,No,comedy,450,5700000,70000000
Love Breakups Zindagi,Normal,No,No,love_story,325,20600000,100000000
Rocky,Normal,No,No,drama,225,30400000,92500000
Speed,Holiday,Yes,No,thriller,200,15800000,90000000
Fight Club,Holiday,No,No,action,375,88862500,82500000
Strings Of Paasion,Normal,No,No,drama,10,70000,8000000
Dunno Y Na Jaane Kyun,Normal,No,No,drama,20,850000,12500000
Taj Mahal - An Eternal Love Story,Normal,No,No,drama,135,31065000,100000000
Mr. Hot Mr. Kool,Normal,No,No,comedy,30,1300000,27500000
